system:index,month,precip_mm,state_code,state_name,t2m_c,year,yyyymm,.geo
0_000300000000000000b8,1,220.8326542496696,665,Acre,24.892894854142728,2018,201801,"{""type"":""MultiPoint"",""coordinates"":[]}"
0_00000000000000000000,1,32.693714423767716,666,Alagoas,26.496475393860106,2018,201801,"{""type"":""MultiPoint"",""coordinates"":[]}"
0_000300000000000000b9,1,194.99062819558551,667,Amapa,24.3870240166816,2018,201801,"{""type"":""MultiPoint"",""coordinates"":[]}"
0_000300000000000000ba,1,255.19542163502155,668,Amazonas,25.36090902969254,2018,201801,"{""type"":""MultiPoint"",""coordinates"":[]}"
0_00000000000000000001,1,75.55043673330977,669,Bahia,25.871039489922843,2018,201801,"{""type"":""MultiPoint"",""coordinates"":[]}"
0_00000000000000000002,1,110.21308695270079,670,Ceara,26.917531410590176,2018,201801,"{""type"":""MultiPoint"",""coordinates"":[]}"
0_000300000000000000bb,1,158.63040628252892,671,Distrito Federal,23.00233633044351,2018,201801,"{""type"":""MultiPoint"",""coordinates"":[]}"
0_00000000000000000003,1,98.70570758305516,672,Espirito Santo,25.26878182635825,2018,201801,"{""type"":""MultiPoint"",""coordinates"":[]}"
0_000300000000000000bc,1,225.2003710645953,673,Goias,24.68758830958572,2018,201801,"{""type"":""MultiPoint"",""coordinates"":[]}"
0_00000000000000000004,1,197.725475814955,674,Maranhao,25.555501093997073,2018,201801,"{""type"":""MultiPoint"",""coordinates"":[]}"
0_000300000000000000bd,1,272.58706909982436,675,Mato Grosso,25.30536254444787,2018,201801,"{""type"":""MultiPoint"",""coordinates"":[]}"
0_000300000000000000be,1,239.34626262694442,676,Mato Grosso Do Sul,25.938789266144237,2018,201801,"{""type"":""MultiPoint"",""coordinates"":[]}"
0_00000000000000000005,1,162.21900083173455,677,Minas Gerais,24.28451559412454,2018,201801,"{""type"":""MultiPoint"",""coordinates"":[]}"
0_0000000000000000000d,1,,692,Name Unknown,,2018,201801,"{""type"":""MultiPoint"",""coordinates"":[]}"
0_000300000000000000bf,1,250.3156045318281,678,Para,25.029855550220788,2018,201801,"{""type"":""MultiPoint"",""coordinates"":[]}"
0_00000000000000000006,1,59.05977002740393,679,Paraiba,26.635908686104848,2018,201801,"{""type"":""MultiPoint"",""coordinates"":[]}"
0_000300000000000000c0,1,301.51970513622115,680,Parana,22.682987104634417,2018,201801,"{""type"":""MultiPoint"",""coordinates"":[]}"
0_00000000000000000007,1,74.56402977658387,681,Pernambuco,26.35419043341531,2018,201801,"{""type"":""MultiPoint"",""coordinates"":[]}"
0_00000000000000000008,1,141.91401822208132,682,Piaui,26.705695454022226,2018,201801,"{""type"":""MultiPoint"",""coordinates"":[]}"
0_00000000000000000009,1,207.14482380265858,683,Rio De Janeiro,25.123850517765753,2018,201801,"{""type"":""MultiPoint"",""coordinates"":[]}"
0_0000000000000000000a,1,64.75911330857204,684,Rio Grande Do Norte,27.563278495654703,2018,201801,"{""type"":""MultiPoint"",""coordinates"":[]}"
0_000300000000000000c1,1,177.2378322235463,685,Rio Grande Do Sul,23.605397050155247,2018,201801,"{""type"":""MultiPoint"",""coordinates"":[]}"
0_000300000000000000c2,1,293.4269678245095,686,Rondonia,25.084855347985066,2018,201801,"{""type"":""MultiPoint"",""coordinates"":[]}"
0_000300000000000000c3,1,55.1248626576077,687,Roraima,25.746987790966784,2018,201801,"{""type"":""MultiPoint"",""coordinates"":[]}"
0_000300000000000000c4,1,297.25371021204546,688,Santa Catarina,21.240741962037635,2018,201801,"{""type"":""MultiPoint"",""coordinates"":[]}"
0_0000000000000000000b,1,253.96987639180247,689,Sao Paulo,24.083683203813273,2018,201801,"{""type"":""MultiPoint"",""coordinates"":[]}"
0_0000000000000000000c,1,20.19867271738055,690,Sergipe,26.7158909056734,2018,201801,"{""type"":""MultiPoint"",""coordinates"":[]}"
0_000300000000000000c5,1,223.08083502473505,691,Tocantins,25.788183646423647,2018,201801,"{""type"":""MultiPoint"",""coordinates"":[]}"
1_000300000000000000b8,2,301.1285424256414,665,Acre,24.91971213047728,2018,201802,"{""type"":""MultiPoint"",""coordinates"":[]}"
1_00000000000000000000,2,39.277291890563866,666,Alagoas,26.561484996156963,2018,201802,"{""type"":""MultiPoint"",""coordinates"":[]}"
1_000300000000000000b9,2,281.0075383212799,667,Amapa,23.971325434693053,2018,201802,"{""type"":""MultiPoint"",""coordinates"":[]}"
1_000300000000000000ba,2,282.52676871193114,668,Amazonas,25.546086767867678,2018,201802,"{""type"":""MultiPoint"",""coordinates"":[]}"
1_00000000000000000001,2,140.54596326662812,669,Bahia,24.900354992215743,2018,201802,"{""type"":""MultiPoint"",""coordinates"":[]}"
1_00000000000000000002,2,184.22033280718074,670,Ceara,25.182652499860726,2018,201802,"{""type"":""MultiPoint"",""coordinates"":[]}"
1_000300000000000000bb,2,239.814742899074,671,Distrito Federal,22.135782169169815,2018,201802,"{""type"":""MultiPoint"",""coordinates"":[]}"
1_00000000000000000003,2,197.06819301657242,672,Espirito Santo,24.138577852531622,2018,201802,"{""type"":""MultiPoint"",""coordinates"":[]}"
1_000300000000000000bc,2,228.38125387729417,673,Goias,24.14022308381492,2018,201802,"{""type"":""MultiPoint"",""coordinates"":[]}"
1_00000000000000000004,2,311.40590107603305,674,Maranhao,24.881389208694674,2018,201802,"{""type"":""MultiPoint"",""coordinates"":[]}"
1_000300000000000000bd,2,362.72932936860235,675,Mato Grosso,24.845858460927158,2018,201802,"{""type"":""MultiPoint"",""coordinates"":[]}"
1_000300000000000000be,2,207.5937503378007,676,Mato Grosso Do Sul,25.634038389274473,2018,201802,"{""type"":""MultiPoint"",""coordinates"":[]}"
1_00000000000000000005,2,230.2759492350809,677,Minas Gerais,23.20644373692028,2018,201802,"{""type"":""MultiPoint"",""coordinates"":[]}"
1_0000000000000000000d,2,,692,Name Unknown,,2018,201802,"{""type"":""MultiPoint"",""coordinates"":[]}"
1_000300000000000000bf,2,365.07822666793015,678,Para,24.5724457237981,2018,201802,"{""type"":""MultiPoint"",""coordinates"":[]}"
1_00000000000000000006,2,163.34628155086548,679,Paraiba,25.921947323446634,2018,201802,"{""type"":""MultiPoint"",""coordinates"":[]}"
1_000300000000000000c0,2,143.72115599497224,680,Parana,22.01098718387981,2018,201802,"{""type"":""MultiPoint"",""coordinates"":[]}"
1_00000000000000000007,2,111.40721929569024,681,Pernambuco,25.54058387398716,2018,201802,"{""type"":""MultiPoint"",""coordinates"":[]}"
1_00000000000000000008,2,220.8695445336629,682,Piaui,25.161183906498195,2018,201802,"{""type"":""MultiPoint"",""coordinates"":[]}"
1_00000000000000000009,2,273.053711007857,683,Rio De Janeiro,23.837936979270353,2018,201802,"{""type"":""MultiPoint"",""coordinates"":[]}"
1_0000000000000000000a,2,169.7886756746835,684,Rio Grande Do Norte,26.570218752662,2018,201802,"{""type"":""MultiPoint"",""coordinates"":[]}"
1_000300000000000000c1,2,75.70989311204104,685,Rio Grande Do Sul,22.719194864279,2018,201802,"{""type"":""MultiPoint"",""coordinates"":[]}"
1_000300000000000000c2,2,285.7437094583503,686,Rondonia,24.91820448359349,2018,201802,"{""type"":""MultiPoint"",""coordinates"":[]}"
1_000300000000000000c3,2,58.38441081258094,687,Roraima,26.44687489518639,2018,201802,"{""type"":""MultiPoint"",""coordinates"":[]}"
1_000300000000000000c4,2,116.54640121506752,688,Santa Catarina,20.491856595054657,2018,201802,"{""type"":""MultiPoint"",""coordinates"":[]}"
1_0000000000000000000b,2,162.2126212880955,689,Sao Paulo,23.462222909678736,2018,201802,"{""type"":""MultiPoint"",""coordinates"":[]}"
1_0000000000000000000c,2,54.303277920973045,690,Sergipe,26.94417416705333,2018,201802,"{""type"":""MultiPoint"",""coordinates"":[]}"
1_000300000000000000c5,2,350.7853573923371,691,Tocantins,25.179546611252213,2018,201802,"{""type"":""MultiPoint"",""coordinates"":[]}"
2_000300000000000000b8,3,241.73966376367576,665,Acre,25.026761314594648,2018,201803,"{""type"":""MultiPoint"",""coordinates"":[]}"
2_00000000000000000000,3,33.25570312033931,666,Alagoas,26.781566415799695,2018,201803,"{""type"":""MultiPoint"",""coordinates"":[]}"
2_000300000000000000b9,3,266.0931836589322,667,Amapa,24.808139665264793,2018,201803,"{""type"":""MultiPoint"",""coordinates"":[]}"
2_000300000000000000ba,3,274.76066492882995,668,Amazonas,25.861861032011365,2018,201803,"{""type"":""MultiPoint"",""coordinates"":[]}"
2_00000000000000000001,3,129.89495580332485,669,Bahia,25.17807748054376,2018,201803,"{""type"":""MultiPoint"",""coordinates"":[]}"
2_00000000000000000002,3,177.8294355397248,670,Ceara,25.69467223944136,2018,201803,"{""type"":""MultiPoint"",""coordinates"":[]}"
2_000300000000000000bb,3,192.02034192303014,671,Distrito Federal,22.773865919603114,2018,201803,"{""type"":""MultiPoint"",""coordinates"":[]}"
2_00000000000000000003,3,153.29649215277877,672,Espirito Santo,24.666814003955636,2018,201803,"{""type"":""MultiPoint"",""coordinates"":[]}"
2_000300000000000000bc,3,182.29419968476333,673,Goias,24.82259198719845,2018,201803,"{""type"":""MultiPoint"",""coordinates"":[]}"
2_00000000000000000004,3,225.34019680663866,674,Maranhao,25.466343984991134,2018,201803,"{""type"":""MultiPoint"",""coordinates"":[]}"
2_000300000000000000bd,3,348.1122840082115,675,Mato Grosso,25.38382524265957,2018,201803,"{""type"":""MultiPoint"",""coordinates"":[]}"
2_000300000000000000be,3,164.6002349055423,676,Mato Grosso Do Sul,26.351686182764738,2018,201803,"{""type"":""MultiPoint"",""coordinates"":[]}"
2_00000000000000000005,3,170.04678598341113,677,Minas Gerais,23.975370533237843,2018,201803,"{""type"":""MultiPoint"",""coordinates"":[]}"
2_0000000000000000000d,3,,692,Name Unknown,,2018,201803,"{""type"":""MultiPoint"",""coordinates"":[]}"
2_000300000000000000bf,3,324.47557168647336,678,Para,25.183688022278183,2018,201803,"{""type"":""MultiPoint"",""coordinates"":[]}"
2_00000000000000000006,3,112.32163639678193,679,Paraiba,25.960408546920014,2018,201803,"{""type"":""MultiPoint"",""coordinates"":[]}"
2_000300000000000000c0,3,276.5791280901249,680,Parana,23.16358355107552,2018,201803,"{""type"":""MultiPoint"",""coordinates"":[]}"
2_00000000000000000007,3,88.89248956377786,681,Pernambuco,25.70717768429876,2018,201803,"{""type"":""MultiPoint"",""coordinates"":[]}"
2_00000000000000000008,3,208.79495248110018,682,Piaui,25.589637735554508,2018,201803,"{""type"":""MultiPoint"",""coordinates"":[]}"
2_00000000000000000009,3,254.65231071281954,683,Rio De Janeiro,24.508748018766642,2018,201803,"{""type"":""MultiPoint"",""coordinates"":[]}"
2_0000000000000000000a,3,142.1748176537113,684,Rio Grande Do Norte,26.86550497513276,2018,201803,"{""type"":""MultiPoint"",""coordinates"":[]}"
2_000300000000000000c1,3,130.19459967676258,685,Rio Grande Do Sul,21.794432617820394,2018,201803,"{""type"":""MultiPoint"",""coordinates"":[]}"
2_000300000000000000c2,3,279.42509847447724,686,Rondonia,25.241166091974065,2018,201803,"{""type"":""MultiPoint"",""coordinates"":[]}"
2_000300000000000000c3,3,71.62026561943539,687,Roraima,26.638485983145113,2018,201803,"{""type"":""MultiPoint"",""coordinates"":[]}"
2_000300000000000000c4,3,195.8257983446574,688,Santa Catarina,21.030190882693123,2018,201803,"{""type"":""MultiPoint"",""coordinates"":[]}"
2_0000000000000000000b,3,205.75606492580965,689,Sao Paulo,25.15864371535963,2018,201803,"{""type"":""MultiPoint"",""coordinates"":[]}"
2_0000000000000000000c,3,83.00461550891856,690,Sergipe,27.10855917163956,2018,201803,"{""type"":""MultiPoint"",""coordinates"":[]}"
2_000300000000000000c5,3,301.93351071260815,691,Tocantins,25.67488356272938,2018,201803,"{""type"":""MultiPoint"",""coordinates"":[]}"
3_000300000000000000b8,4,215.82666402360928,665,Acre,24.56859998535602,2018,201804,"{""type"":""MultiPoint"",""coordinates"":[]}"
3_00000000000000000000,4,138.9272104181504,666,Alagoas,25.26576335655829,2018,201804,"{""type"":""MultiPoint"",""coordinates"":[]}"
3_000300000000000000b9,4,475.78575505335704,667,Amapa,24.07223182732297,2018,201804,"{""type"":""MultiPoint"",""coordinates"":[]}"
3_000300000000000000ba,4,322.6476624131414,668,Amazonas,25.097124884821955,2018,201804,"{""type"":""MultiPoint"",""coordinates"":[]}"
3_00000000000000000001,4,64.39534970931017,669,Bahia,24.331501094106684,2018,201804,"{""type"":""MultiPoint"",""coordinates"":[]}"
3_00000000000000000002,4,240.25594779943432,670,Ceara,24.963484148386513,2018,201804,"{""type"":""MultiPoint"",""coordinates"":[]}"
3_000300000000000000bb,4,173.7965076847526,671,Distrito Federal,21.08646108313552,2018,201804,"{""type"":""MultiPoint"",""coordinates"":[]}"
3_00000000000000000003,4,156.4556244786087,672,Espirito Santo,22.39371467081037,2018,201804,"{""type"":""MultiPoint"",""coordinates"":[]}"
3_000300000000000000bc,4,140.66003146608787,673,Goias,23.4782336931874,2018,201804,"{""type"":""MultiPoint"",""coordinates"":[]}"
3_00000000000000000004,4,268.1652573174876,674,Maranhao,25.3012595277502,2018,201804,"{""type"":""MultiPoint"",""coordinates"":[]}"
3_000300000000000000bd,4,175.49196736812678,675,Mato Grosso,24.743207366737654,2018,201804,"{""type"":""MultiPoint"",""coordinates"":[]}"
3_000300000000000000be,4,50.72775501141225,676,Mato Grosso Do Sul,25.060767331769984,2018,201804,"{""type"":""MultiPoint"",""coordinates"":[]}"
3_00000000000000000005,4,68.76575546260504,677,Minas Gerais,21.853363108150468,2018,201804,"{""type"":""MultiPoint"",""coordinates"":[]}"
3_0000000000000000000d,4,,692,Name Unknown,,2018,201804,"{""type"":""MultiPoint"",""coordinates"":[]}"
3_000300000000000000bf,4,345.84416649224147,678,Para,24.660179888893396,2018,201804,"{""type"":""MultiPoint"",""coordinates"":[]}"
3_00000000000000000006,4,180.4911359169691,679,Paraiba,24.54363356501085,2018,201804,"{""type"":""MultiPoint"",""coordinates"":[]}"
3_000300000000000000c0,4,29.877845282115572,680,Parana,21.27696296640725,2018,201804,"{""type"":""MultiPoint"",""coordinates"":[]}"
3_00000000000000000007,4,108.92243999245626,681,Pernambuco,24.262201979808303,2018,201804,"{""type"":""MultiPoint"",""coordinates"":[]}"
3_00000000000000000008,4,139.2467427627941,682,Piaui,25.404216640599607,2018,201804,"{""type"":""MultiPoint"",""coordinates"":[]}"
3_00000000000000000009,4,76.85116517160841,683,Rio De Janeiro,22.089057195345745,2018,201804,"{""type"":""MultiPoint"",""coordinates"":[]}"
3_0000000000000000000a,4,247.6792792619022,684,Rio Grande Do Norte,25.610684140726256,2018,201804,"{""type"":""MultiPoint"",""coordinates"":[]}"
3_000300000000000000c1,4,96.17629857445124,685,Rio Grande Do Sul,21.6303918282333,2018,201804,"{""type"":""MultiPoint"",""coordinates"":[]}"
3_000300000000000000c2,4,190.19959378171757,686,Rondonia,24.674516350007462,2018,201804,"{""type"":""MultiPoint"",""coordinates"":[]}"
3_000300000000000000c3,4,249.501255069402,687,Roraima,24.92179997033915,2018,201804,"{""type"":""MultiPoint"",""coordinates"":[]}"
3_000300000000000000c4,4,32.81839595792076,688,Santa Catarina,19.415055836181075,2018,201804,"{""type"":""MultiPoint"",""coordinates"":[]}"
3_0000000000000000000b,4,40.88701607729136,689,Sao Paulo,22.85757550818348,2018,201804,"{""type"":""MultiPoint"",""coordinates"":[]}"
3_0000000000000000000c,4,89.01398409513033,690,Sergipe,25.75915773796904,2018,201804,"{""type"":""MultiPoint"",""coordinates"":[]}"
3_000300000000000000c5,4,252.0320211916084,691,Tocantins,25.71978766731127,2018,201804,"{""type"":""MultiPoint"",""coordinates"":[]}"
4_000300000000000000b8,5,142.6844380193108,665,Acre,24.067698609565326,2018,201805,"{""type"":""MultiPoint"",""coordinates"":[]}"
4_00000000000000000000,5,91.43467173234966,666,Alagoas,24.390795166695597,2018,201805,"{""type"":""MultiPoint"",""coordinates"":[]}"
4_000300000000000000b9,5,509.3169075177299,667,Amapa,24.1213954478715,2018,201805,"{""type"":""MultiPoint"",""coordinates"":[]}"
4_000300000000000000ba,5,260.06449072436675,668,Amazonas,24.956100203540007,2018,201805,"{""type"":""MultiPoint"",""coordinates"":[]}"
4_00000000000000000001,5,21.022607960206084,669,Bahia,23.751870649724534,2018,201805,"{""type"":""MultiPoint"",""coordinates"":[]}"
4_00000000000000000002,5,111.03488739382897,670,Ceara,25.661840598938088,2018,201805,"{""type"":""MultiPoint"",""coordinates"":[]}"
4_000300000000000000bb,5,16.591128108070865,671,Distrito Federal,20.71698461432624,2018,201805,"{""type"":""MultiPoint"",""coordinates"":[]}"
4_00000000000000000003,5,41.9455023857229,672,Espirito Santo,21.05182119252803,2018,201805,"{""type"":""MultiPoint"",""coordinates"":[]}"
4_000300000000000000bc,5,13.844512571316827,673,Goias,23.1106710572673,2018,201805,"{""type"":""MultiPoint"",""coordinates"":[]}"
4_00000000000000000004,5,125.43163661704642,674,Maranhao,26.086038397438102,2018,201805,"{""type"":""MultiPoint"",""coordinates"":[]}"
4_000300000000000000bd,5,48.24905040751629,675,Mato Grosso,24.889900614441647,2018,201805,"{""type"":""MultiPoint"",""coordinates"":[]}"
4_000300000000000000be,5,86.66159209705013,676,Mato Grosso Do Sul,23.141606220119964,2018,201805,"{""type"":""MultiPoint"",""coordinates"":[]}"
4_00000000000000000005,5,15.229294482834973,677,Minas Gerais,20.64252554202363,2018,201805,"{""type"":""MultiPoint"",""coordinates"":[]}"
4_0000000000000000000d,5,,692,Name Unknown,,2018,201805,"{""type"":""MultiPoint"",""coordinates"":[]}"
4_000300000000000000bf,5,246.02529004721006,678,Para,25.033163025411078,2018,201805,"{""type"":""MultiPoint"",""coordinates"":[]}"
4_00000000000000000006,5,82.55846743321885,679,Paraiba,24.736538990563623,2018,201805,"{""type"":""MultiPoint"",""coordinates"":[]}"
4_000300000000000000c0,5,51.134045167717794,680,Parana,18.446547962995872,2018,201805,"{""type"":""MultiPoint"",""coordinates"":[]}"
4_00000000000000000007,5,60.38772957430168,681,Pernambuco,24.092404548337502,2018,201805,"{""type"":""MultiPoint"",""coordinates"":[]}"
4_00000000000000000008,5,39.04621755946804,682,Piaui,26.657213369280832,2018,201805,"{""type"":""MultiPoint"",""coordinates"":[]}"
4_00000000000000000009,5,29.74628800127356,683,Rio De Janeiro,20.29618417847867,2018,201805,"{""type"":""MultiPoint"",""coordinates"":[]}"
4_0000000000000000000a,5,73.6524543013064,684,Rio Grande Do Norte,26.10649796352736,2018,201805,"{""type"":""MultiPoint"",""coordinates"":[]}"
4_000300000000000000c1,5,121.61632126193555,685,Rio Grande Do Sul,16.96289307004774,2018,201805,"{""type"":""MultiPoint"",""coordinates"":[]}"
4_000300000000000000c2,5,89.32500659515993,686,Rondonia,24.75264666963958,2018,201805,"{""type"":""MultiPoint"",""coordinates"":[]}"
4_000300000000000000c3,5,383.6156917675132,687,Roraima,23.933383285610084,2018,201805,"{""type"":""MultiPoint"",""coordinates"":[]}"
4_000300000000000000c4,5,64.24965043263838,688,Santa Catarina,16.10510002694875,2018,201805,"{""type"":""MultiPoint"",""coordinates"":[]}"
4_0000000000000000000b,5,21.750105129369448,689,Sao Paulo,20.865249025016432,2018,201805,"{""type"":""MultiPoint"",""coordinates"":[]}"
4_0000000000000000000c,5,99.39950669767673,690,Sergipe,24.623781369489286,2018,201805,"{""type"":""MultiPoint"",""coordinates"":[]}"
4_000300000000000000c5,5,13.271155102616762,691,Tocantins,26.94109561906627,2018,201805,"{""type"":""MultiPoint"",""coordinates"":[]}"
5_000300000000000000b8,6,53.23675257697233,665,Acre,23.045571841129785,2018,201806,"{""type"":""MultiPoint"",""coordinates"":[]}"
5_00000000000000000000,6,45.31652535309664,666,Alagoas,23.496742860820653,2018,201806,"{""type"":""MultiPoint"",""coordinates"":[]}"
5_000300000000000000b9,6,222.34959753522972,667,Amapa,24.633382278552798,2018,201806,"{""type"":""MultiPoint"",""coordinates"":[]}"
5_000300000000000000ba,6,112.3610294183272,668,Amazonas,24.880676720230923,2018,201806,"{""type"":""MultiPoint"",""coordinates"":[]}"
5_00000000000000000001,6,24.474017280117895,669,Bahia,22.646064366317255,2018,201806,"{""type"":""MultiPoint"",""coordinates"":[]}"
5_00000000000000000002,6,24.937230860207467,670,Ceara,25.793625874110766,2018,201806,"{""type"":""MultiPoint"",""coordinates"":[]}"
5_000300000000000000bb,6,0.0,671,Distrito Federal,20.670722325576925,2018,201806,"{""type"":""MultiPoint"",""coordinates"":[]}"
5_00000000000000000003,6,18.84291458034009,672,Espirito Santo,20.818023592608803,2018,201806,"{""type"":""MultiPoint"",""coordinates"":[]}"
5_000300000000000000bc,6,1.6252276904191538,673,Goias,23.15268608201553,2018,201806,"{""type"":""MultiPoint"",""coordinates"":[]}"
5_00000000000000000004,6,34.373849771685165,674,Maranhao,26.599981051187,2018,201806,"{""type"":""MultiPoint"",""coordinates"":[]}"
5_000300000000000000bd,6,7.330865709106508,675,Mato Grosso,24.19000302374257,2018,201806,"{""type"":""MultiPoint"",""coordinates"":[]}"
5_000300000000000000be,6,44.92066605603868,676,Mato Grosso Do Sul,20.946577399575776,2018,201806,"{""type"":""MultiPoint"",""coordinates"":[]}"
5_00000000000000000005,6,5.20452214051292,677,Minas Gerais,20.561961621803384,2018,201806,"{""type"":""MultiPoint"",""coordinates"":[]}"
5_0000000000000000000d,6,,692,Name Unknown,,2018,201806,"{""type"":""MultiPoint"",""coordinates"":[]}"
5_000300000000000000bf,6,103.30312389170565,678,Para,25.63706910671712,2018,201806,"{""type"":""MultiPoint"",""coordinates"":[]}"
5_00000000000000000006,6,40.14659954442844,679,Paraiba,24.291614213148502,2018,201806,"{""type"":""MultiPoint"",""coordinates"":[]}"
5_000300000000000000c0,6,100.72977145327775,680,Parana,16.197899788644648,2018,201806,"{""type"":""MultiPoint"",""coordinates"":[]}"
5_00000000000000000007,6,45.45246312275029,681,Pernambuco,23.2169422370985,2018,201806,"{""type"":""MultiPoint"",""coordinates"":[]}"
5_00000000000000000008,6,4.962679013852343,682,Piaui,26.533523195430575,2018,201806,"{""type"":""MultiPoint"",""coordinates"":[]}"
5_00000000000000000009,6,22.355308313946324,683,Rio De Janeiro,20.18063738773369,2018,201806,"{""type"":""MultiPoint"",""coordinates"":[]}"
5_0000000000000000000a,6,48.81839366398758,684,Rio Grande Do Norte,25.981338938494233,2018,201806,"{""type"":""MultiPoint"",""coordinates"":[]}"
5_000300000000000000c1,6,113.80756814543093,685,Rio Grande Do Sul,12.168332290231481,2018,201806,"{""type"":""MultiPoint"",""coordinates"":[]}"
5_000300000000000000c2,6,24.297488557909627,686,Rondonia,24.00181765883332,2018,201806,"{""type"":""MultiPoint"",""coordinates"":[]}"
5_000300000000000000c3,6,317.50721191251876,687,Roraima,23.795188828124726,2018,201806,"{""type"":""MultiPoint"",""coordinates"":[]}"
5_000300000000000000c4,6,133.91886838565605,688,Santa Catarina,13.278543665895661,2018,201806,"{""type"":""MultiPoint"",""coordinates"":[]}"
5_0000000000000000000b,6,31.41685161114136,689,Sao Paulo,20.237166433134462,2018,201806,"{""type"":""MultiPoint"",""coordinates"":[]}"
5_0000000000000000000c,6,140.74873464145264,690,Sergipe,23.60926611023252,2018,201806,"{""type"":""MultiPoint"",""coordinates"":[]}"
5_000300000000000000c5,6,0.8210345256567639,691,Tocantins,26.857830213447215,2018,201806,"{""type"":""MultiPoint"",""coordinates"":[]}"
6_000300000000000000b8,7,35.35718358200826,665,Acre,24.739022990003743,2018,201807,"{""type"":""MultiPoint"",""coordinates"":[]}"
6_00000000000000000000,7,117.9333185050695,666,Alagoas,22.770382747578125,2018,201807,"{""type"":""MultiPoint"",""coordinates"":[]}"
6_000300000000000000b9,7,207.29786529306728,667,Amapa,24.680984929569604,2018,201807,"{""type"":""MultiPoint"",""coordinates"":[]}"
6_000300000000000000ba,7,125.4790494471441,668,Amazonas,25.825218428080124,2018,201807,"{""type"":""MultiPoint"",""coordinates"":[]}"
6_00000000000000000001,7,20.793185948784316,669,Bahia,22.025184635317366,2018,201807,"{""type"":""MultiPoint"",""coordinates"":[]}"
6_00000000000000000002,7,18.257445855856137,670,Ceara,25.874103886949484,2018,201807,"{""type"":""MultiPoint"",""coordinates"":[]}"
6_000300000000000000bb,7,0.6536022085690657,671,Distrito Federal,20.414761784884625,2018,201807,"{""type"":""MultiPoint"",""coordinates"":[]}"
6_00000000000000000003,7,26.547221238478883,672,Espirito Santo,20.197860968612137,2018,201807,"{""type"":""MultiPoint"",""coordinates"":[]}"
6_000300000000000000bc,7,1.96605874038808,673,Goias,22.911841132248107,2018,201807,"{""type"":""MultiPoint"",""coordinates"":[]}"
6_00000000000000000004,7,25.56425446805633,674,Maranhao,26.99898632368527,2018,201807,"{""type"":""MultiPoint"",""coordinates"":[]}"
6_000300000000000000bd,7,3.8859063051238154,675,Mato Grosso,25.09199808125899,2018,201807,"{""type"":""MultiPoint"",""coordinates"":[]}"
6_000300000000000000be,7,10.066585178667346,676,Mato Grosso Do Sul,22.317417278866493,2018,201807,"{""type"":""MultiPoint"",""coordinates"":[]}"
6_00000000000000000005,7,5.364749451197259,677,Minas Gerais,20.07757224011846,2018,201807,"{""type"":""MultiPoint"",""coordinates"":[]}"
6_0000000000000000000d,7,,692,Name Unknown,,2018,201807,"{""type"":""MultiPoint"",""coordinates"":[]}"
6_000300000000000000bf,7,91.76872074703036,678,Para,26.38201128045258,2018,201807,"{""type"":""MultiPoint"",""coordinates"":[]}"
6_00000000000000000006,7,54.32094621825925,679,Paraiba,24.08624003928449,2018,201807,"{""type"":""MultiPoint"",""coordinates"":[]}"
6_000300000000000000c0,7,26.257278367239394,680,Parana,17.448509141716265,2018,201807,"{""type"":""MultiPoint"",""coordinates"":[]}"
6_00000000000000000007,7,52.26618467748988,681,Pernambuco,22.76974451796272,2018,201807,"{""type"":""MultiPoint"",""coordinates"":[]}"
6_00000000000000000008,7,3.2585180047362146,682,Piaui,26.700985414843302,2018,201807,"{""type"":""MultiPoint"",""coordinates"":[]}"
6_00000000000000000009,7,17.21640297768021,683,Rio De Janeiro,19.851476247802623,2018,201807,"{""type"":""MultiPoint"",""coordinates"":[]}"
6_0000000000000000000a,7,39.05131629182691,684,Rio Grande Do Norte,25.48141894556623,2018,201807,"{""type"":""MultiPoint"",""coordinates"":[]}"
6_000300000000000000c1,7,137.28341092330456,685,Rio Grande Do Sul,13.228281552509149,2018,201807,"{""type"":""MultiPoint"",""coordinates"":[]}"
6_000300000000000000c2,7,7.8471517225496665,686,Rondonia,25.893741009504858,2018,201807,"{""type"":""MultiPoint"",""coordinates"":[]}"
6_000300000000000000c3,7,319.92433303017583,687,Roraima,23.918103151329277,2018,201807,"{""type"":""MultiPoint"",""coordinates"":[]}"
6_000300000000000000c4,7,72.9611896194395,688,Santa Catarina,14.381934969012043,2018,201807,"{""type"":""MultiPoint"",""coordinates"":[]}"
6_0000000000000000000b,7,12.191825383578887,689,Sao Paulo,20.378026911843126,2018,201807,"{""type"":""MultiPoint"",""coordinates"":[]}"
6_0000000000000000000c,7,106.35029388956882,690,Sergipe,22.851317682072697,2018,201807,"{""type"":""MultiPoint"",""coordinates"":[]}"
6_000300000000000000c5,7,0.5320315082468686,691,Tocantins,27.044282245177214,2018,201807,"{""type"":""MultiPoint"",""coordinates"":[]}"
7_000300000000000000b8,8,125.7447681210178,665,Acre,23.946879509771748,2018,201808,"{""type"":""MultiPoint"",""coordinates"":[]}"
7_00000000000000000000,8,37.36836979999909,666,Alagoas,23.612542028249155,2018,201808,"{""type"":""MultiPoint"",""coordinates"":[]}"
7_000300000000000000b9,8,76.23918459853745,667,Amapa,25.737495430745668,2018,201808,"{""type"":""MultiPoint"",""coordinates"":[]}"
7_000300000000000000ba,8,142.0618265727774,668,Amazonas,25.626748695457472,2018,201808,"{""type"":""MultiPoint"",""coordinates"":[]}"
7_00000000000000000001,8,17.205601866650404,669,Bahia,23.617325742115128,2018,201808,"{""type"":""MultiPoint"",""coordinates"":[]}"
7_00000000000000000002,8,2.5359118024029303,670,Ceara,26.872673214354563,2018,201808,"{""type"":""MultiPoint"",""coordinates"":[]}"
7_000300000000000000bb,8,10.638201174375686,671,Distrito Federal,22.721621971744046,2018,201808,"{""type"":""MultiPoint"",""coordinates"":[]}"
7_00000000000000000003,8,71.13127506622898,672,Espirito Santo,20.692395598956843,2018,201808,"{""type"":""MultiPoint"",""coordinates"":[]}"
7_000300000000000000bc,8,8.494488112856747,673,Goias,25.060543693619266,2018,201808,"{""type"":""MultiPoint"",""coordinates"":[]}"
7_00000000000000000004,8,11.555501990554962,674,Maranhao,27.682327194532732,2018,201808,"{""type"":""MultiPoint"",""coordinates"":[]}"
7_000300000000000000bd,8,33.29574075614685,675,Mato Grosso,26.416944051022455,2018,201808,"{""type"":""MultiPoint"",""coordinates"":[]}"
7_000300000000000000be,8,43.793892910173824,676,Mato Grosso Do Sul,21.291669636857087,2018,201808,"{""type"":""MultiPoint"",""coordinates"":[]}"
7_00000000000000000005,8,17.387442731794625,677,Minas Gerais,21.339631601241454,2018,201808,"{""type"":""MultiPoint"",""coordinates"":[]}"
7_0000000000000000000d,8,,692,Name Unknown,,2018,201808,"{""type"":""MultiPoint"",""coordinates"":[]}"
7_000300000000000000bf,8,63.04621698233728,678,Para,27.076067028143708,2018,201808,"{""type"":""MultiPoint"",""coordinates"":[]}"
7_00000000000000000006,8,12.594416356183055,679,Paraiba,24.90850589953597,2018,201808,"{""type"":""MultiPoint"",""coordinates"":[]}"
7_000300000000000000c0,8,123.62452470857684,680,Parana,15.645193435214306,2018,201808,"{""type"":""MultiPoint"",""coordinates"":[]}"
7_00000000000000000007,8,22.403123783446997,681,Pernambuco,23.77163738697861,2018,201808,"{""type"":""MultiPoint"",""coordinates"":[]}"
7_00000000000000000008,8,1.6170806562733606,682,Piaui,28.023054114607973,2018,201808,"{""type"":""MultiPoint"",""coordinates"":[]}"
7_00000000000000000009,8,84.0663202127732,683,Rio De Janeiro,19.10927749668829,2018,201808,"{""type"":""MultiPoint"",""coordinates"":[]}"
7_0000000000000000000a,8,8.600828743610014,684,Rio Grande Do Norte,26.538947284203314,2018,201808,"{""type"":""MultiPoint"",""coordinates"":[]}"
7_000300000000000000c1,8,105.69111644122256,685,Rio Grande Do Sul,12.763630673063766,2018,201808,"{""type"":""MultiPoint"",""coordinates"":[]}"
7_000300000000000000c2,8,88.0076640946652,686,Rondonia,25.765438525022123,2018,201808,"{""type"":""MultiPoint"",""coordinates"":[]}"
7_000300000000000000c3,8,163.18163846315375,687,Roraima,24.78518270667186,2018,201808,"{""type"":""MultiPoint"",""coordinates"":[]}"
7_000300000000000000c4,8,114.27220133009406,688,Santa Catarina,12.929676302896983,2018,201808,"{""type"":""MultiPoint"",""coordinates"":[]}"
7_0000000000000000000b,8,56.69538802295615,689,Sao Paulo,19.230274296319788,2018,201808,"{""type"":""MultiPoint"",""coordinates"":[]}"
7_0000000000000000000c,8,58.87548604580672,690,Sergipe,23.63248463892269,2018,201808,"{""type"":""MultiPoint"",""coordinates"":[]}"
7_000300000000000000c5,8,7.224462144671087,691,Tocantins,28.646365190403714,2018,201808,"{""type"":""MultiPoint"",""coordinates"":[]}"
8_000300000000000000b8,9,109.8102897913808,665,Acre,26.224160755528484,2018,201809,"{""type"":""MultiPoint"",""coordinates"":[]}"
8_00000000000000000000,9,50.12216898691663,666,Alagoas,24.254861777996382,2018,201809,"{""type"":""MultiPoint"",""coordinates"":[]}"
8_000300000000000000b9,9,43.54532452642812,667,Amapa,27.207597310061892,2018,201809,"{""type"":""MultiPoint"",""coordinates"":[]}"
8_000300000000000000ba,9,140.41107266254113,668,Amazonas,26.627655189256046,2018,201809,"{""type"":""MultiPoint"",""coordinates"":[]}"
8_00000000000000000001,9,12.28333281847849,669,Bahia,24.938363996344716,2018,201809,"{""type"":""MultiPoint"",""coordinates"":[]}"
8_00000000000000000002,9,0.8222486722379365,670,Ceara,27.74807796344064,2018,201809,"{""type"":""MultiPoint"",""coordinates"":[]}"
8_000300000000000000bb,9,29.89782865019924,671,Distrito Federal,24.50362000081845,2018,201809,"{""type"":""MultiPoint"",""coordinates"":[]}"
8_00000000000000000003,9,36.037146902707356,672,Espirito Santo,22.081121406474605,2018,201809,"{""type"":""MultiPoint"",""coordinates"":[]}"
8_000300000000000000bc,9,44.34783084655117,673,Goias,26.770894484271228,2018,201809,"{""type"":""MultiPoint"",""coordinates"":[]}"
8_00000000000000000004,9,14.091961352107393,674,Maranhao,28.76199711325471,2018,201809,"{""type"":""MultiPoint"",""coordinates"":[]}"
8_000300000000000000bd,9,87.97192073764323,675,Mato Grosso,27.35712315701202,2018,201809,"{""type"":""MultiPoint"",""coordinates"":[]}"
8_000300000000000000be,9,112.68629866330055,676,Mato Grosso Do Sul,24.562948209620544,2018,201809,"{""type"":""MultiPoint"",""coordinates"":[]}"
8_00000000000000000005,9,37.229201165809094,677,Minas Gerais,23.377275772491256,2018,201809,"{""type"":""MultiPoint"",""coordinates"":[]}"
8_0000000000000000000d,9,,692,Name Unknown,,2018,201809,"{""type"":""MultiPoint"",""coordinates"":[]}"
8_000300000000000000bf,9,80.55587561688982,678,Para,27.459703691941087,2018,201809,"{""type"":""MultiPoint"",""coordinates"":[]}"
8_00000000000000000006,9,9.586686204205707,679,Paraiba,25.63041460624195,2018,201809,"{""type"":""MultiPoint"",""coordinates"":[]}"
8_000300000000000000c0,9,154.6873804257884,680,Parana,19.13258288372178,2018,201809,"{""type"":""MultiPoint"",""coordinates"":[]}"
8_00000000000000000007,9,9.492371108507289,681,Pernambuco,24.873546830654973,2018,201809,"{""type"":""MultiPoint"",""coordinates"":[]}"
8_00000000000000000008,9,4.250533990173677,682,Piaui,29.479918517298806,2018,201809,"{""type"":""MultiPoint"",""coordinates"":[]}"
8_00000000000000000009,9,70.01111815152282,683,Rio De Janeiro,21.27098091634985,2018,201809,"{""type"":""MultiPoint"",""coordinates"":[]}"
8_0000000000000000000a,9,5.203856283406612,684,Rio Grande Do Norte,27.06973411120414,2018,201809,"{""type"":""MultiPoint"",""coordinates"":[]}"
8_000300000000000000c1,9,204.82553336020382,685,Rio Grande Do Sul,17.824269652715106,2018,201809,"{""type"":""MultiPoint"",""coordinates"":[]}"
8_000300000000000000c2,9,107.2116529942777,686,Rondonia,26.83160719155141,2018,201809,"{""type"":""MultiPoint"",""coordinates"":[]}"
8_000300000000000000c3,9,196.5480897219787,687,Roraima,25.529984919645525,2018,201809,"{""type"":""MultiPoint"",""coordinates"":[]}"
8_000300000000000000c4,9,200.41406889783696,688,Santa Catarina,16.810153518444558,2018,201809,"{""type"":""MultiPoint"",""coordinates"":[]}"
8_0000000000000000000b,9,62.50381116906571,689,Sao Paulo,22.06690650833215,2018,201809,"{""type"":""MultiPoint"",""coordinates"":[]}"
8_0000000000000000000c,9,33.09255790939122,690,Sergipe,24.49493556785231,2018,201809,"{""type"":""MultiPoint"",""coordinates"":[]}"
8_000300000000000000c5,9,32.62273381431198,691,Tocantins,29.764996087043514,2018,201809,"{""type"":""MultiPoint"",""coordinates"":[]}"
9_000300000000000000b8,10,243.5686331736668,665,Acre,25.69947844725985,2018,201810,"{""type"":""MultiPoint"",""coordinates"":[]}"
9_00000000000000000000,10,16.09343314086103,666,Alagoas,26.087781387749363,2018,201810,"{""type"":""MultiPoint"",""coordinates"":[]}"
9_000300000000000000b9,10,23.835302667100933,667,Amapa,28.18917927883136,2018,201810,"{""type"":""MultiPoint"",""coordinates"":[]}"
9_000300000000000000ba,10,154.2526402221434,668,Amazonas,27.03290486175824,2018,201810,"{""type"":""MultiPoint"",""coordinates"":[]}"
9_00000000000000000001,10,47.87884256914378,669,Bahia,26.18421374063238,2018,201810,"{""type"":""MultiPoint"",""coordinates"":[]}"
9_00000000000000000002,10,1.4738067089573577,670,Ceara,28.06407514028307,2018,201810,"{""type"":""MultiPoint"",""coordinates"":[]}"
9_000300000000000000bb,10,231.67861366072458,671,Distrito Federal,24.610315440266504,2018,201810,"{""type"":""MultiPoint"",""coordinates"":[]}"
9_00000000000000000003,10,209.81889296816266,672,Espirito Santo,23.275433049974115,2018,201810,"{""type"":""MultiPoint"",""coordinates"":[]}"
9_000300000000000000bc,10,195.45702232910753,673,Goias,26.127782580609612,2018,201810,"{""type"":""MultiPoint"",""coordinates"":[]}"
9_00000000000000000004,10,44.557653482451784,674,Maranhao,28.47937945038899,2018,201810,"{""type"":""MultiPoint"",""coordinates"":[]}"
9_000300000000000000bd,10,203.23446928110994,675,Mato Grosso,26.681218543352227,2018,201810,"{""type"":""MultiPoint"",""coordinates"":[]}"
9_000300000000000000be,10,242.27252448376277,676,Mato Grosso Do Sul,26.16009419759231,2018,201810,"{""type"":""MultiPoint"",""coordinates"":[]}"
9_00000000000000000005,10,128.99440806919705,677,Minas Gerais,24.421077071200095,2018,201810,"{""type"":""MultiPoint"",""coordinates"":[]}"
9_0000000000000000000d,10,,692,Name Unknown,,2018,201810,"{""type"":""MultiPoint"",""coordinates"":[]}"
9_000300000000000000bf,10,85.73741819590714,678,Para,28.021407977805673,2018,201810,"{""type"":""MultiPoint"",""coordinates"":[]}"
9_00000000000000000006,10,3.7926210856847153,679,Paraiba,26.857849616172278,2018,201810,"{""type"":""MultiPoint"",""coordinates"":[]}"
9_000300000000000000c0,10,243.91298624324168,680,Parana,20.451170460652737,2018,201810,"{""type"":""MultiPoint"",""coordinates"":[]}"
9_00000000000000000007,10,8.590405218377866,681,Pernambuco,26.60451013649338,2018,201810,"{""type"":""MultiPoint"",""coordinates"":[]}"
9_00000000000000000008,10,62.235232044670504,682,Piaui,29.482303973379615,2018,201810,"{""type"":""MultiPoint"",""coordinates"":[]}"
9_00000000000000000009,10,113.2069545343006,683,Rio De Janeiro,22.14765363085411,2018,201810,"{""type"":""MultiPoint"",""coordinates"":[]}"
9_0000000000000000000a,10,1.4217650150553314,684,Rio Grande Do Norte,27.794820585295653,2018,201810,"{""type"":""MultiPoint"",""coordinates"":[]}"
9_000300000000000000c1,10,119.55024286281319,685,Rio Grande Do Sul,18.490398380999974,2018,201810,"{""type"":""MultiPoint"",""coordinates"":[]}"
9_000300000000000000c2,10,206.7321818634677,686,Rondonia,26.64140312160837,2018,201810,"{""type"":""MultiPoint"",""coordinates"":[]}"
9_000300000000000000c3,10,43.10031000359872,687,Roraima,27.539694270091438,2018,201810,"{""type"":""MultiPoint"",""coordinates"":[]}"
9_000300000000000000c4,10,147.3795365778887,688,Santa Catarina,17.625208699625137,2018,201810,"{""type"":""MultiPoint"",""coordinates"":[]}"
9_0000000000000000000b,10,163.2344364180204,689,Sao Paulo,22.97282691530378,2018,201810,"{""type"":""MultiPoint"",""coordinates"":[]}"
9_0000000000000000000c,10,18.32357828766675,690,Sergipe,26.060754669522908,2018,201810,"{""type"":""MultiPoint"",""coordinates"":[]}"
9_000300000000000000c5,10,159.19834658278097,691,Tocantins,27.7169352579917,2018,201810,"{""type"":""MultiPoint"",""coordinates"":[]}"
10_000300000000000000b8,11,239.06949085902824,665,Acre,25.24513958100984,2018,201811,"{""type"":""MultiPoint"",""coordinates"":[]}"
10_00000000000000000000,11,18.779949333442985,666,Alagoas,26.119912195071628,2018,201811,"{""type"":""MultiPoint"",""coordinates"":[]}"
10_000300000000000000b9,11,106.16599128753812,667,Amapa,27.35020336849684,2018,201811,"{""type"":""MultiPoint"",""coordinates"":[]}"
10_000300000000000000ba,11,249.27233002802558,668,Amazonas,26.219445769441826,2018,201811,"{""type"":""MultiPoint"",""coordinates"":[]}"
10_00000000000000000001,11,89.95762212427202,669,Bahia,25.177363934489094,2018,201811,"{""type"":""MultiPoint"",""coordinates"":[]}"
10_00000000000000000002,11,10.319841332294992,670,Ceara,28.637309894464256,2018,201811,"{""type"":""MultiPoint"",""coordinates"":[]}"
10_000300000000000000bb,11,257.81303080692146,671,Distrito Federal,21.97029244581776,2018,201811,"{""type"":""MultiPoint"",""coordinates"":[]}"
10_00000000000000000003,11,180.69542650455753,672,Espirito Santo,23.0847057816302,2018,201811,"{""type"":""MultiPoint"",""coordinates"":[]}"
10_000300000000000000bc,11,267.71923646184916,673,Goias,24.097877956298912,2018,201811,"{""type"":""MultiPoint"",""coordinates"":[]}"
10_00000000000000000004,11,130.31634280126383,674,Maranhao,27.826647291063335,2018,201811,"{""type"":""MultiPoint"",""coordinates"":[]}"
10_000300000000000000bd,11,299.71773963480706,675,Mato Grosso,25.329009016040395,2018,201811,"{""type"":""MultiPoint"",""coordinates"":[]}"
10_000300000000000000be,11,187.93316073428252,676,Mato Grosso Do Sul,25.8449673048674,2018,201811,"{""type"":""MultiPoint"",""coordinates"":[]}"
10_00000000000000000005,11,202.0072189734537,677,Minas Gerais,22.47333016135063,2018,201811,"{""type"":""MultiPoint"",""coordinates"":[]}"
10_0000000000000000000d,11,,692,Name Unknown,,2018,201811,"{""type"":""MultiPoint"",""coordinates"":[]}"
10_000300000000000000bf,11,166.23196426337077,678,Para,26.850225304067873,2018,201811,"{""type"":""MultiPoint"",""coordinates"":[]}"
10_00000000000000000006,11,15.761378101244947,679,Paraiba,27.225890235079248,2018,201811,"{""type"":""MultiPoint"",""coordinates"":[]}"
10_000300000000000000c0,11,95.66267270665298,680,Parana,21.972119988401506,2018,201811,"{""type"":""MultiPoint"",""coordinates"":[]}"
10_00000000000000000007,11,25.253348734122863,681,Pernambuco,26.7682781836743,2018,201811,"{""type"":""MultiPoint"",""coordinates"":[]}"
10_00000000000000000008,11,58.05510261459468,682,Piaui,29.30505953833773,2018,201811,"{""type"":""MultiPoint"",""coordinates"":[]}"
10_00000000000000000009,11,175.28571437926905,683,Rio De Janeiro,22.531410402549046,2018,201811,"{""type"":""MultiPoint"",""coordinates"":[]}"
10_0000000000000000000a,11,4.647670161869222,684,Rio Grande Do Norte,28.38153480711447,2018,201811,"{""type"":""MultiPoint"",""coordinates"":[]}"
10_000300000000000000c1,11,178.89335066431315,685,Rio Grande Do Sul,21.345283140279307,2018,201811,"{""type"":""MultiPoint"",""coordinates"":[]}"
10_000300000000000000c2,11,216.91643006835048,686,Rondonia,25.663404454175513,2018,201811,"{""type"":""MultiPoint"",""coordinates"":[]}"
10_000300000000000000c3,11,114.61403417199828,687,Roraima,26.173028294347322,2018,201811,"{""type"":""MultiPoint"",""coordinates"":[]}"
10_000300000000000000c4,11,108.79320216916159,688,Santa Catarina,19.577644713170912,2018,201811,"{""type"":""MultiPoint"",""coordinates"":[]}"
10_0000000000000000000b,11,128.60442547302432,689,Sao Paulo,23.09160024351818,2018,201811,"{""type"":""MultiPoint"",""coordinates"":[]}"
10_0000000000000000000c,11,27.92247006110608,690,Sergipe,26.290843597581006,2018,201811,"{""type"":""MultiPoint"",""coordinates"":[]}"
10_000300000000000000c5,11,230.88934822414768,691,Tocantins,26.388784092435415,2018,201811,"{""type"":""MultiPoint"",""coordinates"":[]}"
11_000300000000000000b8,12,241.3002011491671,665,Acre,24.632020759460747,2018,201812,"{""type"":""MultiPoint"",""coordinates"":[]}"
11_00000000000000000000,12,42.7609369345227,666,Alagoas,26.3411580041447,2018,201812,"{""type"":""MultiPoint"",""coordinates"":[]}"
11_000300000000000000b9,12,345.3601935694058,667,Amapa,23.843285140144832,2018,201812,"{""type"":""MultiPoint"",""coordinates"":[]}"
11_000300000000000000ba,12,276.30792769420754,668,Amazonas,25.08733437771143,2018,201812,"{""type"":""MultiPoint"",""coordinates"":[]}"
11_00000000000000000001,12,145.011912620919,669,Bahia,24.677103592759106,2018,201812,"{""type"":""MultiPoint"",""coordinates"":[]}"
11_00000000000000000002,12,76.59399215157653,670,Ceara,26.42813292952302,2018,201812,"{""type"":""MultiPoint"",""coordinates"":[]}"
11_000300000000000000bb,12,203.36494296441418,671,Distrito Federal,22.4954321837017,2018,201812,"{""type"":""MultiPoint"",""coordinates"":[]}"
11_00000000000000000003,12,216.02440674107,672,Espirito Santo,24.114732994493785,2018,201812,"{""type"":""MultiPoint"",""coordinates"":[]}"
11_000300000000000000bc,12,206.0480853616553,673,Goias,24.637574587309736,2018,201812,"{""type"":""MultiPoint"",""coordinates"":[]}"
11_00000000000000000004,12,194.11405274091436,674,Maranhao,25.690347564647155,2018,201812,"{""type"":""MultiPoint"",""coordinates"":[]}"
11_000300000000000000bd,12,251.96005149008153,675,Mato Grosso,25.21239810516758,2018,201812,"{""type"":""MultiPoint"",""coordinates"":[]}"
11_000300000000000000be,12,102.78155081448749,676,Mato Grosso Do Sul,27.180297888430875,2018,201812,"{""type"":""MultiPoint"",""coordinates"":[]}"
11_00000000000000000005,12,218.85903103675489,677,Minas Gerais,23.499874091961317,2018,201812,"{""type"":""MultiPoint"",""coordinates"":[]}"
11_0000000000000000000d,12,,692,Name Unknown,,2018,201812,"{""type"":""MultiPoint"",""coordinates"":[]}"
11_000300000000000000bf,12,269.3588672076265,678,Para,24.760833695213186,2018,201812,"{""type"":""MultiPoint"",""coordinates"":[]}"
11_00000000000000000006,12,41.87627810663125,679,Paraiba,26.804421343827535,2018,201812,"{""type"":""MultiPoint"",""coordinates"":[]}"
11_000300000000000000c0,12,114.93660347412194,680,Parana,23.965701968712697,2018,201812,"{""type"":""MultiPoint"",""coordinates"":[]}"
11_00000000000000000007,12,78.27398502832314,681,Pernambuco,25.595816177567954,2018,201812,"{""type"":""MultiPoint"",""coordinates"":[]}"
11_00000000000000000008,12,189.95896947182604,682,Piaui,26.10603336093429,2018,201812,"{""type"":""MultiPoint"",""coordinates"":[]}"
11_00000000000000000009,12,133.67538487518408,683,Rio De Janeiro,24.251519234492417,2018,201812,"{""type"":""MultiPoint"",""coordinates"":[]}"
11_0000000000000000000a,12,14.189414991620042,684,Rio Grande Do Norte,27.854964310028734,2018,201812,"{""type"":""MultiPoint"",""coordinates"":[]}"
11_000300000000000000c1,12,138.80256227475675,685,Rio Grande Do Sul,22.76001858111178,2018,201812,"{""type"":""MultiPoint"",""coordinates"":[]}"
11_000300000000000000c2,12,257.0592829617588,686,Rondonia,24.89953775318161,2018,201812,"{""type"":""MultiPoint"",""coordinates"":[]}"
11_000300000000000000c3,12,66.23157355565449,687,Roraima,25.275767910279985,2018,201812,"{""type"":""MultiPoint"",""coordinates"":[]}"
11_000300000000000000c4,12,135.89491063278243,688,Santa Catarina,21.63641553439251,2018,201812,"{""type"":""MultiPoint"",""coordinates"":[]}"
11_0000000000000000000b,12,147.78876386236627,689,Sao Paulo,25.097251045959876,2018,201812,"{""type"":""MultiPoint"",""coordinates"":[]}"
11_0000000000000000000c,12,27.827199444503748,690,Sergipe,26.633892624358253,2018,201812,"{""type"":""MultiPoint"",""coordinates"":[]}"
11_000300000000000000c5,12,253.87123262617132,691,Tocantins,25.767538827695784,2018,201812,"{""type"":""MultiPoint"",""coordinates"":[]}"
