,year,month,spei3,spei6,spei12,date_t
0,1981,1,,,,1981-01-01
1,1981,2,,,,1981-02-01
2,1981,3,0.09780812837999224,,,1981-03-01
3,1981,4,0.1920333705857925,,,1981-04-01
4,1981,5,0.8241823953547255,,,1981-05-01
5,1981,6,1.0438890260326663,0.5145421811764583,,1981-06-01
6,1981,7,1.4204449445094067,0.5895367134379349,,1981-07-01
7,1981,8,1.3302546757385958,1.0968996464816847,,1981-08-01
8,1981,9,0.09344313267055816,0.7291487110954967,,1981-09-01
9,1981,10,1.1009420999878043,1.4191714768060202,,1981-10-01
10,1981,11,1.3633019779389375,1.5488856043711794,,1981-11-01
11,1981,12,1.2988475189850481,1.1029159703628848,0.9878288676404663,1981-12-01
12,1982,1,1.1601888847148583,1.30461791478952,1.3478651691679018,1982-01-01
13,1982,2,0.5065334444068722,1.16085284261896,1.3813484631870594,1982-02-01
14,1982,3,1.0403024609141702,1.5477330966378322,1.5902658710265916,1982-03-01
15,1982,4,0.8494370797108186,1.319789505450515,1.6106515106939465,1982-04-01
16,1982,5,1.3302187439131123,1.0840291087383254,1.6148081152176597,1982-05-01
17,1982,6,0.945543095808582,1.1701769148933403,1.498822385186751,1982-06-01
18,1982,7,0.6606011935173753,0.9039245150772037,1.4925374773637925,1982-07-01
19,1982,8,0.2502276374916506,1.1755593432826585,1.451069227007257,1982-08-01
20,1982,9,0.21508652372631215,0.7640783415447259,1.5418974098779032,1982-09-01
21,1982,10,0.3203928990231824,0.473094800780186,1.2391228653018733,1982-10-01
22,1982,11,-0.49812828770864565,-0.5372001592596383,0.6797672380855627,1982-11-01
23,1982,12,-0.43301097269073824,-0.3852953419821305,0.640269564033333,1982-12-01
24,1983,1,0.13272563343571353,0.2369667373914427,0.6297105535534818,1983-01-01
25,1983,2,0.915658418796627,0.5276470420001997,0.9239195530182039,1983-02-01
26,1983,3,1.006796004918769,0.6333733767002534,0.8448376346980134,1983-03-01
27,1983,4,1.0510839394684914,0.8469210102375069,0.8576551836265576,1983-04-01
28,1983,5,0.9251443782851028,1.242601329889579,0.8214395112170267,1983-05-01
29,1983,6,0.9515210101269165,1.2350311424806812,0.7887427848956888,1983-06-01
30,1983,7,0.40311840488209144,1.062713595652984,0.8235763095874746,1983-07-01
31,1983,8,0.004302787787401006,0.776500008771389,0.8149374749066222,1983-08-01
32,1983,9,0.8604052017103713,1.2433978441154458,0.8953852412199056,1983-09-01
33,1983,10,1.0644790515405882,1.0246699732861746,1.0395770403740028,1983-10-01
34,1983,11,1.052701723252625,0.9104320226912553,1.2873790060865498,1983-11-01
35,1983,12,1.031391900814959,1.1239697129955215,1.3572209855104185,1983-12-01
36,1984,1,0.22099175283596129,0.6627310608408435,1.022224667638442,1984-01-01
37,1984,2,-0.28585627263881913,0.5255929010805587,0.7472333171319082,1984-02-01
38,1984,3,-0.7277794466536435,0.07877795766671275,0.5544245450701992,1984-03-01
39,1984,4,-0.35652020037251053,-0.13452176559231968,0.4373589363745056,1984-04-01
40,1984,5,-0.12638450554270708,-0.3392971809652955,0.2984554950967807,1984-05-01
41,1984,6,-0.02811750349046658,-0.6771141117793118,0.2729536429875608,1984-06-01
42,1984,7,-0.688250110239583,-0.446836726281895,0.2752105591345533,1984-07-01
43,1984,8,0.41084688835630334,0.08067340514099257,0.424700082115315,1984-08-01
44,1984,9,1.5215672897108605,0.9996629436815604,0.44520845773414697,1984-09-01
45,1984,10,1.241383549053031,0.8128117120529937,0.2695812107426059,1984-10-01
46,1984,11,0.6378535894108726,0.6394979450408724,0.08332764755408252,1984-11-01
47,1984,12,0.3488937970167136,0.8581777585175981,0.04114910633174184,1984-12-01
48,1985,1,1.2319711929751846,1.5381466904816365,1.063805366534499,1985-01-01
49,1985,2,0.9786229024720119,1.1827385797327288,1.0809533409287444,1985-02-01
50,1985,3,0.8238388735441351,1.003125508503223,1.3096815779139581,1985-03-01
51,1985,4,-0.24116251452758372,0.9428063901656349,1.2037913705917715,1985-04-01
52,1985,5,-0.0015947927846237295,0.8941896251393768,1.1894645724467559,1985-05-01
53,1985,6,-0.35331694830568283,0.6977686794885126,1.162203071722346,1985-06-01
54,1985,7,0.12391342141013345,-0.17759540383156977,1.1738536774882005,1985-07-01
55,1985,8,0.530287641568653,0.14232728114936224,1.1088010695153936,1985-08-01
56,1985,9,0.9632577168642656,0.3204319710271385,0.9966300903932643,1985-09-01
57,1985,10,0.8630238119501961,0.7085828179709155,0.9766293052480719,1985-10-01
58,1985,11,0.6114132508446992,0.6899976950778539,1.001324055694072,1985-11-01
59,1985,12,0.16186916155641715,0.5438177001846384,0.7975269755002535,1985-12-01
60,1986,1,0.062014787018614785,0.43021914550584556,0.22265312966506165,1986-01-01
61,1986,2,0.2303912326670133,0.4792026135446819,0.43670400756143574,1986-02-01
62,1986,3,-0.11358859249422773,0.08051696150627267,0.18616253564162696,1986-03-01
63,1986,4,-0.40184851756162654,-0.1437682408893236,0.12494054083270721,1986-04-01
64,1986,5,-0.6145359949443597,-0.1482889304018199,0.18674543117160314,1986-05-01
65,1986,6,-0.4943011362546477,-0.2401346061314325,0.197444611673461,1986-06-01
66,1986,7,0.3824586096769247,-0.3690433925406435,0.1885956125130778,1986-07-01
67,1986,8,0.9487951436825035,-0.32779175117966747,0.26207178081108945,1986-08-01
68,1986,9,0.7124123203520791,0.07565187083241764,0.13425181510525797,1986-09-01
69,1986,10,0.29605848386910893,0.3053925345250988,0.03604188718549559,1986-10-01
70,1986,11,-0.616778397965504,-0.3179634043058977,-0.2737863241035944,1986-11-01
71,1986,12,-0.2374054210839947,-0.020948985793888836,-0.15990233835499063,1986-12-01
72,1987,1,-0.5318518704924412,-0.23916542851303726,-0.39425841175003945,1987-01-01
73,1987,2,-0.3456739613175309,-0.6340320335849174,-0.6441751791554827,1987-02-01
74,1987,3,-0.5222714227715931,-0.6449370219369385,-0.49163458932884957,1987-03-01
75,1987,4,-0.22591082456485928,-0.511074289733814,-0.3002435397896234,1987-04-01
76,1987,5,0.24180694994968527,-0.059118183079119854,-0.28093839989086367,1987-05-01
77,1987,6,0.4779882386411399,-0.2593315157936674,-0.26214803127883163,1987-06-01
78,1987,7,-0.026757625978927443,-0.10031912685091579,-0.29028983029785355,1987-07-01
79,1987,8,-0.29633318091513083,0.1658791043854461,-0.44771724452588885,1987-08-01
80,1987,9,0.018943561231983486,0.3014183980913749,-0.38693826686479876,1987-09-01
81,1987,10,-0.1612572898016946,-0.16288652685717345,-0.38639868788613774,1987-10-01
82,1987,11,-0.004938038442837396,-0.06848686757431631,-0.04818978382898428,1987-11-01
83,1987,12,-0.08273590993898502,0.012895998538815272,-0.16708169297296158,1987-12-01
84,1988,1,-0.3831934890810349,-0.3054033459212817,-0.31084223283187445,1988-01-01
85,1988,2,-0.15940633770432794,-0.1090871734755186,-0.002612796155644333,1988-02-01
86,1988,3,-0.37736102865275584,-0.2958714877172321,-0.07952234295716769,1988-03-01
87,1988,4,0.06737171553298141,-0.1671267218399619,-0.12503740014548845,1988-04-01
88,1988,5,-0.17159954182546386,-0.17481081636515552,-0.19935660534556462,1988-05-01
89,1988,6,0.13079238691561737,-0.1963995046784673,-0.16332853533511021,1988-06-01
90,1988,7,0.28318232428990325,0.21581195375891973,-0.1239370478026294,1988-07-01
91,1988,8,0.745869359959298,0.13473580720481348,-0.035984345703513144,1988-08-01
92,1988,9,0.06616880779492411,0.0689699481672564,-0.16350888112195452,1988-09-01
93,1988,10,0.3801432148793896,0.3776162255733686,0.09307169790801108,1988-10-01
94,1988,11,-0.06170414614502,0.12640612320742817,0.03828009694743313,1988-11-01
95,1988,12,0.17574949717929472,0.0924547950929545,-0.05256589844473463,1988-12-01
96,1989,1,-0.16172740628537405,-0.06856574784648121,-0.03233010404919181,1989-01-01
97,1989,2,0.07857199093906612,-0.016054723395138824,-0.014271070349626633,1989-02-01
98,1989,3,0.08887616089418358,0.035831806561540155,-0.014738738523447682,1989-03-01
99,1989,4,-0.1432490028714613,-0.3305974267123981,-0.21246255882189008,1989-04-01
100,1989,5,-0.40355083167185735,-0.23495075887680889,-0.1834584478094176,1989-05-01
101,1989,6,-0.2260578614400492,-0.084223716555875,-0.09815200896253626,1989-06-01
102,1989,7,1.0705723462054728,0.2056820177845616,-0.04308352266912879,1989-07-01
103,1989,8,1.4445898719506232,0.22586038473820855,0.01067474519378898,1989-08-01
104,1989,9,0.8888939901801655,0.406792335044774,0.15110155020714927,1989-09-01
105,1989,10,0.6367024862239827,0.874487599108441,0.09739771953725937,1989-10-01
106,1989,11,0.4243798154445775,0.8694447335634966,0.3695678137740573,1989-11-01
107,1989,12,0.6584630837710568,0.9965205786779983,0.614368453892578,1989-12-01
108,1990,1,0.05903221221915756,0.35249157118896973,0.3605641034526523,1990-01-01
109,1990,2,0.0023622669064446602,0.2373017059237253,0.30205090609015445,1990-02-01
110,1990,3,-0.9415871995515884,-0.1841069816933721,0.027147825997783714,1990-03-01
111,1990,4,-0.7482369489315749,-0.3569679637409459,0.07501108587998978,1990-04-01
112,1990,5,-0.8555990168027184,-0.4775671506109609,0.08814461003699672,1990-05-01
113,1990,6,-0.6459880959609242,-1.104509356909404,-0.061268018103341024,1990-06-01
114,1990,7,0.23852441396168172,-0.6611747663773835,-0.07762048174084706,1990-07-01
115,1990,8,0.8308413587003508,-0.5125425693071793,-0.081833125038097,1990-08-01
116,1990,9,0.9041967548349709,0.18585723025154194,-0.09080431140348373,1990-09-01
117,1990,10,0.6708394393833749,0.6098936916449025,-0.021278455102832324,1990-10-01
118,1990,11,-0.16568909818925764,0.0857023920341368,-0.2969933231437768,1990-11-01
119,1990,12,-0.6493197968006112,-0.26844106891886066,-0.8864419185886214,1990-12-01
120,1991,1,-0.3209803920100773,0.04548634771874741,-0.33147177085573587,1991-01-01
121,1991,2,0.14558829766910608,0.03530889339620704,-0.2113753361457114,1991-02-01
122,1991,3,0.9308591523622626,0.4007406562022058,0.42334276939071547,1991-03-01
123,1991,4,0.7684313568211185,0.29717428775411175,0.49977250789535266,1991-04-01
124,1991,5,0.8080983315868736,0.5796596611283932,0.5128558156021251,1991-05-01
125,1991,6,0.1653708345870527,0.842783220770651,0.5556310427406721,1991-06-01
126,1991,7,0.46639752235219767,0.8465968189028085,0.5282966999102939,1991-07-01
127,1991,8,0.46563632031491226,0.8253740512525675,0.40748381433990716,1991-08-01
128,1991,9,0.885496157811134,0.725188885039128,0.4730450624729007,1991-09-01
129,1991,10,0.1334673549800787,0.38244754355840965,0.3396618250340145,1991-10-01
130,1991,11,0.1433024763093284,0.29511404703415395,0.5886458396154083,1991-11-01
131,1991,12,-0.4322811145473762,-0.07767637059897832,0.5602810412282401,1991-12-01
132,1992,1,0.6019697444212926,0.48050622643505286,0.8606949234563732,1992-01-01
133,1992,2,0.7350254031517673,0.6161066843606109,0.8744935730007608,1992-02-01
134,1992,3,0.6053923530303708,0.404682535490546,0.6045219697363364,1992-03-01
135,1992,4,0.05412469610687193,0.5459086208091763,0.6183059793594288,1992-04-01
136,1992,5,-0.44024653764938787,0.5372463109880944,0.5949787362360367,1992-05-01
137,1992,6,-0.15963862656960426,0.5243962975729562,0.5071445747754335,1992-06-01
138,1992,7,-0.07413089040158398,0.0775008213891861,0.4857140698799492,1992-07-01
139,1992,8,0.4060385029976254,-0.26762972681250813,0.5493444040346819,1992-08-01
140,1992,9,1.3463139279496854,0.8573994601777407,0.6354587644593883,1992-09-01
141,1992,10,1.1869340985913421,1.0291393982862653,0.8157760173585695,1992-10-01
142,1992,11,1.1893082205016139,1.149361248978459,0.9179619908102311,1992-11-01
143,1992,12,0.7567181563693619,1.157664402166391,0.9329206699236634,1992-12-01
144,1993,1,0.2747154386389375,0.7651261797100327,0.586867874843128,1993-01-01
145,1993,2,0.19813377772939123,0.8591893534400948,0.5612616516194536,1993-02-01
146,1993,3,-0.33301268988464744,0.34937684030853045,0.5373070764723935,1993-03-01
147,1993,4,-0.07590279286507343,0.15048411925484437,0.5671446342149032,1993-04-01
148,1993,5,-0.29148383895967733,-0.03839096825673302,0.6376122684840512,1993-05-01
149,1993,6,0.6872569548562353,-0.11149723477272977,0.7264260059033163,1993-06-01
150,1993,7,0.366384719202378,-0.007897728846413673,0.649358280507571,1993-07-01
151,1993,8,0.16626605108995934,-0.3199760435587835,0.6074707692377145,1993-08-01
152,1993,9,0.15511075817275596,0.521774238065086,0.48093965032372044,1993-09-01
153,1993,10,-0.0211361770960732,0.09278079917294858,0.1795586798195505,1993-10-01
154,1993,11,-0.559342935579586,-0.5633273075733591,-0.35461284940795573,1993-11-01
155,1993,12,-0.4969044389333506,-0.320922227807,-0.2844768645348274,1993-12-01
156,1994,1,0.10139701828915536,0.028907707837537204,-0.02882750007314319,1994-01-01
157,1994,2,0.16705364606748205,-0.25927188734100604,-0.4013894725765542,1994-02-01
158,1994,3,0.6378455355398858,0.11323673174024855,0.2764229372339311,1994-03-01
159,1994,4,0.6013752791179701,0.3696044189603198,0.3025688740133345,1994-04-01
160,1994,5,1.1420887532304447,0.7677352680412001,0.2573629609568367,1994-05-01
161,1994,6,0.5101440199674933,0.6966077947124456,0.2449597865939019,1994-06-01
162,1994,7,0.34222142760722385,0.5784843476523645,0.30810843859953496,1994-07-01
163,1994,8,0.10742661254323399,0.9884524590413497,0.25472150650662456,1994-08-01
164,1994,9,-0.5214260051295865,-0.05227728970434867,0.05988014640676159,1994-09-01
165,1994,10,-0.7790685242421761,-0.5500499110320415,0.0961254752340865,1994-10-01
166,1994,11,-0.5778345666607596,-0.5510318888559446,0.38405271014839576,1994-11-01
167,1994,12,-0.6258471460099451,-0.75003979920338,0.027241651072885925,1994-12-01
168,1995,1,-0.9979074811758063,-1.1363160289849785,-0.5921909028848849,1995-01-01
169,1995,2,-0.8970786768015209,-1.0148390360683572,-0.2666665198572297,1995-02-01
170,1995,3,-0.5997065942047759,-0.9567529365445778,-0.8243573001131637,1995-03-01
171,1995,4,0.126615840617237,-0.6719493317141859,-0.8251351620665076,1995-04-01
172,1995,5,0.048573030268600645,-0.6437885768029966,-0.8126866784873034,1995-05-01
173,1995,6,0.5027578532046318,-0.33033168079697184,-0.7996418886958688,1995-06-01
174,1995,7,0.5037582197357601,0.32356255155884917,-0.7642154715630577,1995-07-01
175,1995,8,-0.20431409744662068,0.050722686703912084,-0.7584662944265265,1995-08-01
176,1995,9,-0.18657372106744644,0.12941646104961102,-0.681006938381113,1995-09-01
177,1995,10,0.10768858246289435,0.278465976462087,-0.4231057746576005,1995-10-01
178,1995,11,0.024964444729093677,0.11876131859179151,-0.41403698807433215,1995-11-01
179,1995,12,0.5349222854250542,0.44788783553356587,0.07350755428710923,1995-12-01
180,1996,1,-0.0029685226777266165,0.01030112240185123,0.13010025445906384,1996-01-01
181,1996,2,0.01702214928202793,0.009797504284552979,0.00649906428612865,1996-02-01
182,1996,3,-0.48941881356378153,-0.055421154273708105,-0.041680250911025625,1996-03-01
183,1996,4,-0.3223066047841732,-0.24000937533882782,-0.15048581649874787,1996-04-01
184,1996,5,-0.16319081681746017,-0.135082876967331,-0.15166567817137475,1996-05-01
185,1996,6,0.00816940135953733,-0.4748534229946017,-0.12394877894738278,1996-06-01
186,1996,7,0.09528373753411656,-0.2676051274080684,-0.1668998006761886,1996-07-01
187,1996,8,0.23453463621006257,-0.10822109271153034,-0.09157579360435548,1996-08-01
188,1996,9,0.6063342917569314,0.3446968948642533,0.06863528631948122,1996-09-01
189,1996,10,0.6473106064745394,0.6031456765386595,0.07494550927599378,1996-10-01
190,1996,11,0.8559987194306903,0.9321094181861882,0.4826199662715395,1996-11-01
191,1996,12,0.4567497410025448,0.640392089932431,0.1470340281698883,1996-12-01
192,1997,1,0.8263983633701562,0.8982044818496014,0.6066397669721055,1997-01-01
193,1997,2,0.44209427708053756,0.7869033298352439,0.6414380096013562,1997-02-01
194,1997,3,0.6601679852983561,0.8730240020335156,0.9320676135293852,1997-03-01
195,1997,4,0.3572940311975007,0.8422001261299581,0.988543257157397,1997-04-01
196,1997,5,0.5421656378095476,0.6233467332644619,0.9609585090225128,1997-05-01
197,1997,6,0.8413831661650027,0.778820267340597,1.0188342860314277,1997-06-01
198,1997,7,0.5733741877572731,0.4512023307308256,0.9464994566627423,1997-07-01
199,1997,8,0.23039325678062553,0.5742820210679974,0.8612873546001428,1997-08-01
200,1997,9,-0.5254765669495135,0.26973931896688685,0.7308409035216406,1997-09-01
201,1997,10,-0.5859792119869995,-0.2156200934666083,0.554903499495566,1997-10-01
202,1997,11,-0.6558931931039944,-0.5451263386397476,0.2585516620972475,1997-11-01
203,1997,12,-0.9452768556031983,-0.9552861462683262,-0.019574075259125013,1997-12-01
204,1998,1,-1.0339940233328333,-1.0462686314523189,-0.5660376878173147,1998-01-01
205,1998,2,-0.8241848878815118,-0.9429058670182682,-0.3984442635234344,1998-02-01
206,1998,3,-0.77834201883087,-1.2228558929795936,-0.9059965465326713,1998-03-01
207,1998,4,-0.7665418328973622,-1.1706449470335656,-1.0912752370279344,1998-04-01
208,1998,5,-0.8179421541950148,-1.0523455933073722,-1.0675939769916845,1998-05-01
209,1998,6,-0.738845476308077,-0.8558288746354236,-1.2233428965494524,1998-06-01
210,1998,7,-0.2618289384523129,-0.7710954639146407,-1.2003407911333543,1998-07-01
211,1998,8,-0.5037565305846163,-0.8247659685407026,-1.1111943873548644,1998-08-01
212,1998,9,-0.5332364265532882,-0.7636738243882003,-1.1324231069535893,1998-09-01
213,1998,10,0.194449444026448,0.0047926546110615715,-0.8887589576341465,1998-10-01
214,1998,11,0.4631461800596566,0.3298738790068444,-0.5944745965696211,1998-11-01
215,1998,12,0.41113480976576444,0.24378284401407796,-0.38961979120267604,1998-12-01
216,1999,1,0.21796993656276073,0.2190354019437556,-0.30710660956003144,1999-01-01
217,1999,2,0.09294486533571433,0.3401521163468836,-0.23766524114862445,1999-02-01
218,1999,3,0.3883276256342279,0.501851429063798,0.09788163373395357,1999-03-01
219,1999,4,0.3012619175887751,0.26303369975804664,0.17921018932651037,1999-04-01
220,1999,5,0.0826209543057596,0.05714020535365743,0.12287836300057325,1999-05-01
221,1999,6,-0.3496124562513094,0.20793433775891573,0.20972293470155867,1999-06-01
222,1999,7,-0.1330176195786852,0.2085015679636035,0.24477151946492715,1999-07-01
223,1999,8,0.17343231908894036,0.12912218459807032,0.24344800053742877,1999-08-01
224,1999,9,0.3064586094426455,-0.15106930876086921,0.3623705094163476,1999-09-01
225,1999,10,0.2523265742213461,0.1085539565800687,0.23307173470166911,1999-10-01
226,1999,11,0.5693253698433545,0.5489135871992629,0.311100922206741,1999-11-01
227,1999,12,0.26239654723743366,0.346834945206407,0.3495135062942231,1999-12-01
228,2000,1,0.5974487463551134,0.561867749888958,0.4843491001409136,2000-01-01
229,2000,2,0.6674754691888932,0.7660279646757541,0.632629770132475,2000-02-01
230,2000,3,0.7783198673150553,0.7927082193592144,0.6667006838963255,2000-03-01
231,2000,4,0.5100955258900379,0.7205527935677805,0.633476197039792,2000-04-01
232,2000,5,0.1443284617079913,0.5788394300108591,0.6639617210833766,2000-05-01
233,2000,6,-0.4359987574397773,0.5514990474033757,0.6239612615252348,2000-06-01
234,2000,7,0.01856206799152142,0.5125875203771837,0.7032135992932269,2000-07-01
235,2000,8,0.6084047798601439,0.33665323881088766,0.7486176150801399,2000-08-01
236,2000,9,1.3056260898602385,0.5445804135567097,0.8852816089139222,2000-09-01
237,2000,10,0.11724411744220053,0.08308216814769927,0.6819371843953111,2000-10-01
238,2000,11,0.3389122460365669,0.5197807802619024,0.7351335583857297,2000-11-01
239,2000,12,-0.03500320800011063,0.5741322597360667,0.7330342911297687,2000-12-01
240,2001,1,-0.10963730711224264,0.01055107627812499,0.2505980598513994,2001-01-01
241,2001,2,-0.783388299722735,-0.4207445266205491,-0.1623889219357832,2001-02-01
242,2001,3,-1.0398084638276992,-0.8523786194524868,-0.4692738551553434,2001-03-01
243,2001,4,-1.2209431949283187,-0.8140699317661073,-0.6110728595727327,2001-04-01
244,2001,5,-0.5946538092915913,-0.99742613574837,-0.516246811723478,2001-05-01
245,2001,6,-0.735641750692478,-1.2175072004414615,-0.526054002715141,2001-06-01
246,2001,7,0.21754501226684472,-1.0088046385954204,-0.5958758924961237,2001-07-01
247,2001,8,-0.023214271238597373,-0.5934214470529598,-0.6725473489224391,2001-08-01
248,2001,9,0.40586296899941016,-0.3313758337214216,-0.7985832353732716,2001-09-01
249,2001,10,0.5334194395182733,0.6032523838021147,-0.40217799476058325,2001-10-01
250,2001,11,0.8220443500370185,0.6751744305361528,-0.3433049726245866,2001-11-01
251,2001,12,0.7612331532050125,0.7380794605480805,-0.3089716651084502,2001-12-01
252,2002,1,0.6854743595436009,0.6829624063743158,0.028047028192103654,2002-01-01
253,2002,2,0.7347306224209554,0.956380929043666,0.5568434762516826,2002-02-01
254,2002,3,0.10464805285822495,0.6472317486122967,0.4725941385050384,2002-03-01
255,2002,4,-0.2726664351875027,0.37345368862731115,0.5239060335824208,2002-04-01
256,2002,5,-0.9520255069781962,0.1479396654010832,0.43590067560517987,2002-05-01
257,2002,6,-0.9898845514150109,-0.13713045305173496,0.38981646966438305,2002-06-01
258,2002,7,-0.5881222391257434,-0.4017020649099663,0.36153771392846334,2002-07-01
259,2002,8,-0.8853485865217845,-1.0666283793772502,0.3315785724164624,2002-08-01
260,2002,9,0.42239972735614884,-0.46533254013400666,0.3738477950299468,2002-09-01
261,2002,10,-0.5996189547419137,-0.7192037322091037,0.02869867963269335,2002-10-01
262,2002,11,-0.7106149363859884,-0.7991014045973852,-0.2738612774732713,2002-11-01
263,2002,12,-0.7456079131650891,-0.4896394073608434,-0.3981162194866198,2002-12-01
264,2003,1,0.25797776073913314,-0.007706395433812174,-0.21837761744625783,2003-01-01
265,2003,2,0.11013010318350469,-0.27890875844026713,-0.7564833390941497,2003-02-01
266,2003,3,-0.1403878118232406,-0.5610200261656357,-0.6291471753718384,2003-03-01
267,2003,4,-0.847598611089916,-0.19286579546108254,-0.4816458794211505,2003-04-01
268,2003,5,-0.38497882933518995,-0.05911227613285388,-0.4963632981220323,2003-05-01
269,2003,6,-0.4630813430344839,-0.19267740272273529,-0.4655084638891797,2003-06-01
270,2003,7,-0.4881514397613166,-0.9345392692296196,-0.4738738403420062,2003-07-01
271,2003,8,-0.2760783981061869,-0.42430773839396807,-0.41337917894627707,2003-08-01
272,2003,9,-0.06861768770066985,-0.4282310439255928,-0.5607388727543363,2003-09-01
273,2003,10,-0.2508239902776584,-0.47002864677809925,-0.2847213064258785,2003-10-01
274,2003,11,-0.5841882189530678,-0.6609588157051783,-0.3281426802087624,2003-11-01
275,2003,12,-0.6053327134914555,-0.6095058504590376,-0.5274889247359603,2003-12-01
276,2004,1,-0.02686509264688682,-0.10605386084918021,-0.6077262131844374,2004-01-01
277,2004,2,0.7417051911924608,0.3328414627870774,0.07132358595192298,2004-02-01
278,2004,3,0.7502180507850225,0.38909173706241434,0.2565424709173807,2004-03-01
279,2004,4,1.0352775882874359,0.684235201799892,0.47497342208826326,2004-04-01
280,2004,5,0.7130207778916199,0.917428966766418,0.5451208714060317,2004-05-01
281,2004,6,1.19944430222003,0.9827669983802304,0.5888166468604804,2004-06-01
282,2004,7,1.0690562379278339,1.221337358781198,0.7086639267155158,2004-07-01
283,2004,8,0.8140950413050755,0.8297946845450274,0.6420828955067888,2004-08-01
284,2004,9,-0.21547924916319247,0.7960753404541996,0.5624382551047734,2004-09-01
285,2004,10,-0.42186385647260427,0.12687465403544726,0.6553702129289397,2004-10-01
286,2004,11,-0.49266246574512484,-0.3122962395501061,0.7302514896860499,2004-11-01
287,2004,12,-0.026600585169566163,-0.11414048391190729,0.7665115584340313,2004-12-01
288,2005,1,0.1932252933206445,-0.04113977810718729,0.7188965244729549,2005-01-01
289,2005,2,0.5775148239221227,0.20022432009763597,0.5305257967815747,2005-02-01
290,2005,3,0.5749173363615493,0.48514961452879657,0.6395612355736155,2005-03-01
291,2005,4,0.32580744177429694,0.30994886284459683,0.31073588579372935,2005-04-01
292,2005,5,0.3913406377001919,0.6494281706168974,0.3875221190206343,2005-05-01
293,2005,6,0.3545768195849948,0.6130242997394586,0.4154932181572258,2005-06-01
294,2005,7,1.0024268473056204,0.5468451785613471,0.2904838508321758,2005-07-01
295,2005,8,0.30581975055737676,0.36756169065056205,0.30096895715680544,2005-08-01
296,2005,9,0.16311289986751162,0.39385001799691777,0.4715085099817969,2005-09-01
297,2005,10,-0.4268271411674178,0.14111857273573628,0.3451265518774798,2005-10-01
298,2005,11,0.3442405644633783,0.3484095406495771,0.7290439944112216,2005-11-01
299,2005,12,0.4417878728265906,0.34064914434441773,0.6543327881245257,2005-12-01
300,2006,1,0.10494197403040245,-0.10524873614567073,0.1934307087392194,2006-01-01
301,2006,2,-0.40712867764738475,-0.12342869435152405,0.054435482331248904,2006-02-01
302,2006,3,0.031211933653271566,0.2483814424139358,0.2406632348798774,2006-03-01
303,2006,4,0.8074766471989713,0.5028331474145958,0.4253220687689594,2006-04-01
304,2006,5,0.9055990882448665,0.22424788683788027,0.2614747369652846,2006-05-01
305,2006,6,0.30510093647085057,0.08473838551293368,0.22356863887067352,2006-06-01
306,2006,7,-0.022734096298070328,0.6261265325425568,0.22726417371407953,2006-07-01
307,2006,8,-0.1072634247461958,0.6931878016432526,0.20408466063419964,2006-08-01
308,2006,9,0.25205270435842264,0.3239681479219828,0.2476355922766552,2006-09-01
309,2006,10,0.6756061693537784,0.5641482493698157,0.5953871780653587,2006-10-01
310,2006,11,1.0535931203358506,0.8948138825645457,0.6855450781014475,2006-11-01
311,2006,12,1.1380597585572685,0.9690180233157224,0.6637456748161077,2006-12-01
312,2007,1,1.0128724318590516,0.9985977606762786,1.1168726263325959,2007-01-01
313,2007,2,0.7749090036044606,1.0632930646553818,1.162810040805832,2007-02-01
314,2007,3,0.038643267485656094,0.8193737731314312,0.7744527218368402,2007-03-01
315,2007,4,-0.2930411279602571,0.6826486868347348,0.7166420526803164,2007-04-01
316,2007,5,-0.5781841821480009,0.45637666424664447,0.7714495889786718,2007-05-01
317,2007,6,-0.16462089477495154,0.06186618940049437,0.680563145399722,2007-06-01
318,2007,7,-0.42414233167980825,-0.3451247410621502,0.7248731821495819,2007-07-01
319,2007,8,-0.31794970397052724,-0.6724450016702721,0.7929071350601765,2007-08-01
320,2007,9,-0.47905756853176984,-0.4713375419988274,0.5940304140524052,2007-09-01
321,2007,10,-0.7870818531538313,-0.8788875547430655,0.2997858420695597,2007-10-01
322,2007,11,-0.9723576650447426,-0.9792607640857844,-0.13345901586479264,2007-11-01
323,2007,12,-0.64633725109207,-0.7594249157287352,-0.5061678313716593,2007-12-01
324,2008,1,-0.3399378554744692,-0.6047014517438513,-0.6767868770091686,2008-01-01
325,2008,2,0.3108230903859771,-0.3983523716255153,-0.6916727851650749,2008-02-01
326,2008,3,0.71450753749161,-0.06223716259581638,-0.27214085395557214,2008-03-01
327,2008,4,0.9660769347164478,0.29523375266575097,-0.14086246129404376,2008-04-01
328,2008,5,0.7343217141967506,0.6227415771883287,-0.1262838610538642,2008-05-01
329,2008,6,0.6840229222240635,0.8425295163968404,-0.03227371573740811,2008-06-01
330,2008,7,0.012442546014309412,0.9529259153326126,-0.013358504076243656,2008-07-01
331,2008,8,-0.010244080394147526,0.6990353630703725,7.45609070250744e-05,2008-08-01
332,2008,9,0.1513665242718562,0.47868586071572883,0.12904614462290462,2008-09-01
333,2008,10,-0.5994578834715364,-0.5104460492236979,0.100169854529004,2008-10-01
334,2008,11,0.0714019342130778,0.12524177589437024,0.5723033320953754,2008-11-01
335,2008,12,0.5231270351654624,0.5486226711214647,0.8803284836440726,2008-12-01
336,2009,1,1.2721609501033047,0.8639277363823991,1.093285729984768,2009-01-01
337,2009,2,1.0186737446892409,0.8296673144127386,0.9520640319491844,2009-02-01
338,2009,3,0.7948885947082399,0.913970870390034,0.9272312501940312,2009-03-01
339,2009,4,0.5509709125097362,1.2317554172726994,0.9434331519307162,2009-04-01
340,2009,5,0.49911017639794675,1.0242632204430275,0.923352278892124,2009-05-01
341,2009,6,0.9339787315033231,0.868287935073541,0.9725135042025381,2009-06-01
342,2009,7,0.2547112532680177,0.5583832463688596,0.9627959336864248,2009-07-01
343,2009,8,0.651087331828874,0.7093002375693317,0.9797709633279653,2009-08-01
344,2009,9,0.16519342820950325,0.862131122663458,0.9877013650514781,2009-09-01
345,2009,10,1.1180792895874272,1.116875048823013,1.3779842326703418,2009-10-01
346,2009,11,0.17630528304972692,0.448498574008737,1.0539518822665797,2009-11-01
347,2009,12,0.15341497671522847,0.21990429392160749,0.770773685970938,2009-12-01
348,2010,1,-0.9590843895753635,-0.2639703825092668,0.09354232792654295,2010-01-01
349,2010,2,-1.0711152573667402,-0.6691491767820352,-0.1325675550599166,2010-02-01
350,2010,3,-0.9106551082856743,-0.5187935162875806,-0.10766071315559125,2010-03-01
351,2010,4,-0.2806437341032149,-0.893836883000369,-0.22723052349923611,2010-04-01
352,2010,5,0.3901669023078985,-0.5991849688768088,-0.22152871771664087,2010-05-01
353,2010,6,0.33015290723300517,-0.6568883846135707,-0.2836789085974957,2010-06-01
354,2010,7,0.29087443902306215,-0.03402058721201223,-0.16452397028867752,2010-07-01
355,2010,8,0.20552806547829133,0.5027091687296474,-0.23395708550391256,2010-08-01
356,2010,9,0.21993139086579966,0.2743475917626726,-0.22728867674406958,2010-09-01
357,2010,10,0.06868400871344071,0.1847495363213913,-0.5947842027015385,2010-10-01
358,2010,11,0.654432813574887,0.6349455400163839,0.003998898786772258,2010-11-01
359,2010,12,0.8040986142050387,0.7449089965895592,0.06859773959119173,2010-12-01
360,2011,1,0.6796776123772353,0.5163778356998124,0.2644306495766434,2011-01-01
361,2011,2,0.06644731523703451,0.40963701566831706,0.467634938950865,2011-02-01
362,2011,3,0.6817853542182931,0.9764682653457978,0.8578075286503715,2011-03-01
363,2011,4,1.2534809899556894,1.1643778794250184,0.960601332403183,2011-04-01
364,2011,5,1.5188369713010512,0.9221916543858237,0.9439362642933601,2011-05-01
365,2011,6,0.6647834720573618,0.7884366927212201,0.9680774597020396,2011-06-01
366,2011,7,-0.14643536862649253,1.0273820451607343,0.9269842018271138,2011-07-01
367,2011,8,-0.3357505827520891,1.3047415577298003,0.8990456126431384,2011-08-01
368,2011,9,-0.6373296673859705,-0.005810824250323278,0.7967671330531596,2011-09-01
369,2011,10,0.42443842285854555,0.30753854835034733,1.0154681084768427,2011-10-01
370,2011,11,0.742014852071059,0.6058621234696622,0.9783524158460263,2011-11-01
371,2011,12,1.148524730696752,0.7724761353520152,0.9424748517842387,2011-12-01
372,2012,1,0.9723895169528969,0.8800350329236653,1.1212688527989225,2012-01-01
373,2012,2,0.3703183087993696,0.6747490778800729,1.053084798717102,2012-02-01
374,2012,3,-0.33775461369656656,0.5049966666092867,0.3800783538013546,2012-03-01
375,2012,4,-0.8279814347542291,0.15195174513758622,0.15865987350693872,2012-04-01
376,2012,5,-0.3559771963488629,0.078811275934119,0.27797467000783754,2012-05-01
377,2012,6,0.2838562602834873,-0.1809713517141999,0.33206041933274827,2012-06-01
378,2012,7,0.5263385169717572,-0.7133966138917384,0.29921734624086355,2012-07-01
379,2012,8,0.4184650535266827,-0.24609574536087817,0.370948907303395,2012-08-01
380,2012,9,-0.30208907728853346,-0.026734566399516137,0.37456923284281995,2012-09-01
381,2012,10,-0.8923188970065458,-0.49868774994964427,-0.07785376657933377,2012-10-01
382,2012,11,-0.2035845518284679,0.0036114639412243056,0.07073468745624481,2012-11-01
383,2012,12,-0.6876338800891181,-0.7950968586725293,-0.6356353730582345,2012-12-01
384,2013,1,-0.29986435793261795,-0.5976261964028564,-0.8200396161709149,2013-01-01
385,2013,2,-0.7576187911640512,-0.7308801562041224,-0.6838832523840112,2013-02-01
386,2013,3,0.1513923231099232,-0.48251596853220124,-0.46175092651997385,2013-03-01
387,2013,4,0.04149653134504714,-0.16210517435695124,-0.40869379887895646,2013-04-01
388,2013,5,0.38258771583704765,-0.3869456094953638,-0.39904980675530916,2013-05-01
389,2013,6,0.34156430702430585,0.2575861634714744,-0.44068074090524173,2013-06-01
390,2013,7,0.035885503938141154,0.05978124672431019,-0.44351490871022475,2013-07-01
391,2013,8,-0.030344297236767244,0.32431905097620234,-0.42753540592654127,2013-08-01
392,2013,9,0.630021627264684,0.5914426969363853,-0.19075396108397738,2013-09-01
393,2013,10,0.5629615553712826,0.5258763007931161,0.10032025383259624,2013-10-01
394,2013,11,0.2243326458316017,0.2530702486537463,-0.16383981786464938,2013-11-01
395,2013,12,0.6676946017990478,0.7739809903658393,0.6592368176566191,2013-12-01
396,2014,1,-0.03948889370181404,0.17656603938869844,0.1700473733271976,2014-01-01
397,2014,2,-0.39416562007584754,-0.24197994311713608,-0.01786712944701354,2014-02-01
398,2014,3,-1.133184793409553,-0.49315711549137586,-0.19037795722455933,2014-03-01
399,2014,4,-0.7634656392191607,-0.4928671787370836,-0.21751826486120496,2014-04-01
400,2014,5,-0.2675202361100778,-0.4954403251831761,-0.3097409251941588,2014-05-01
401,2014,6,-0.26940972945620323,-1.1972809583769792,-0.34735137107416036,2014-06-01
402,2014,7,-0.36153229840768913,-0.8572107034304829,-0.33069434567131173,2014-07-01
403,2014,8,0.007896553916832891,-0.3400569845622135,-0.3917495685364556,2014-08-01
404,2014,9,-0.3536834241575577,-0.46438941639015824,-0.5780759943457955,2014-09-01
405,2014,10,-0.46207405542811725,-0.5444258932374868,-0.6548331452997962,2014-10-01
406,2014,11,-0.2763390231266095,-0.34037006142899645,-0.5956570368599418,2014-11-01
407,2014,12,-0.5405707313566726,-0.6462233234865385,-1.1980551744915762,2014-12-01
408,2015,1,-1.0756566232220375,-1.1198671654250316,-1.2483697708105381,2015-01-01
409,2015,2,-1.0905930151511964,-1.053527697326889,-1.0093561673919507,2015-02-01
410,2015,3,-0.5106541436157374,-0.8251849527074613,-0.8763244129379841,2015-03-01
411,2015,4,0.2166879694122939,-0.7653557265723633,-0.919501737075005,2015-04-01
412,2015,5,0.20633945755833463,-0.8091282669558983,-0.8292394578092103,2015-05-01
413,2015,6,-0.00854881738567067,-0.5800364564731236,-0.871038258343809,2015-06-01
414,2015,7,0.10832965715606088,0.14989359608931815,-0.9195965392863333,2015-07-01
415,2015,8,-0.8933695163909382,-0.12390894880494266,-0.982375999339341,2015-08-01
416,2015,9,-1.1239495957608623,-0.7346681628114793,-1.045924964964154,2015-09-01
417,2015,10,-1.8134053084218387,-1.4102739390552406,-1.2536503137437542,2015-10-01
418,2015,11,-1.253999463631901,-1.4838530924803028,-1.4880924841547296,2015-11-01
419,2015,12,-1.320336547440742,-1.5260600671273803,-1.4504470523869508,2015-12-01
420,2016,1,-0.3873996504239478,-1.012499219057624,-0.7305068125478527,2016-01-01
421,2016,2,-0.7464576852920508,-1.254477158998335,-1.0608467784265256,2016-02-01
422,2016,3,-0.3202203917958837,-1.255277465734851,-1.310739191863037,2016-03-01
423,2016,4,-1.497243675818281,-1.1381524717543052,-1.5131629757860885,2016-04-01
424,2016,5,-1.2238289913373608,-1.2557180995501658,-1.6036723756943454,2016-05-01
425,2016,6,-1.471813606994275,-0.7061451989099472,-1.5292857963109103,2016-06-01
426,2016,7,-0.8515957948541615,-1.5934657941820787,-1.5850799083942233,2016-07-01
427,2016,8,-0.784821199256498,-1.3046875081509077,-1.5496144848331577,2016-08-01
428,2016,9,-0.9421083461621168,-1.453979268882363,-1.4995151192145146,2016-09-01
429,2016,10,-0.6752972620776705,-0.9288293568190984,-1.274224198235166,2016-10-01
430,2016,11,-0.21730763942579362,-0.4596816401236514,-1.2231738698128247,2016-11-01
431,2016,12,-0.3056705925185652,-0.5976720894269838,-0.8464273868945553,2016-12-01
432,2017,1,-0.621022935206141,-0.8236096882266943,-1.3873134337665767,2017-01-01
433,2017,2,-0.9349756658298867,-0.8932773349451618,-1.3739271285557737,2017-02-01
434,2017,3,-0.560902192075731,-0.7792296830953116,-1.2735117723149996,2017-03-01
435,2017,4,-0.43331612793897656,-0.8072217421914212,-1.0975890752442168,2017-04-01
436,2017,5,-0.08440776516768812,-0.8489681554213127,-0.9425818342833253,2017-05-01
437,2017,6,-0.43930610066631853,-0.6504842141934629,-0.9378232722957168,2017-06-01
438,2017,7,0.14839039829843184,-0.371039634250101,-0.9055185755775403,2017-07-01
439,2017,8,-0.42335450152184806,-0.27632978779909,-0.8275551675290848,2017-08-01
440,2017,9,-0.3081052801216417,-0.5474551938622371,-0.8144708998691443,2017-09-01
441,2017,10,-0.8371915774410323,-0.6240227089939591,-0.9431394174768131,2017-10-01
442,2017,11,-0.5476246809203927,-0.5922111476763484,-1.0725490116221121,2017-11-01
443,2017,12,-0.4672680834000599,-0.5601012551198239,-0.755683543656681,2017-12-01
444,2018,1,-0.34084049377565445,-0.6394132833551861,-0.6809894773299291,2018-01-01
445,2018,2,0.03585540704779576,-0.3198699553460107,-0.37917830080013404,2018-02-01
446,2018,3,0.16516038573240552,-0.2194887337453926,-0.3853008270679666,2018-03-01
447,2018,4,0.643679566314565,0.11491272217946281,-0.16803561727398447,2018-04-01
448,2018,5,0.1946977099040277,0.14671854213880048,-0.2685171404521294,2018-05-01
449,2018,6,-0.011690809833578326,0.1453412560309786,-0.31131090187600685,2018-06-01
450,2018,7,-0.9975859663997511,0.3486984636372801,-0.3642937367614281,2018-07-01
451,2018,8,-0.7530417840976255,-0.09557601095292312,-0.3384369998212074,2018-08-01
452,2018,9,-0.4147657858349848,-0.25852777353224876,-0.3072334863986766,2018-09-01
453,2018,10,0.43871340198337744,0.005362122750341217,0.11165459850568908,2018-10-01
454,2018,11,0.35976806735911687,0.0840835111474527,0.20559634384369385,2018-11-01
455,2018,12,-0.07431179554246037,-0.16244007300044816,0.01027088497144871,2018-12-01
456,2019,1,-1.2365215287070286,-0.7879152827948211,-0.4341838404727049,2019-01-01
457,2019,2,-1.2209572477921171,-0.7078792510405987,-0.5707320899618118,2019-02-01
458,2019,3,-0.6909371570524283,-0.5815424368839355,-0.5720828672233061,2019-03-01
459,2019,4,0.29219519215029394,-0.7940051276017961,-0.6698415711421679,2019-04-01
460,2019,5,0.255707656407567,-0.781576826847682,-0.5998816704008132,2019-05-01
461,2019,6,-0.2341205239012873,-0.6710404455492633,-0.6237769095336909,2019-06-01
462,2019,7,-0.5988329400687019,0.08777069119595086,-0.6185015853760469,2019-07-01
463,2019,8,-1.3858037113711321,-0.3205311778068268,-0.7426474114999216,2019-08-01
464,2019,9,-1.1843648111304517,-0.9470189213383153,-0.831373193210378,2019-09-01
465,2019,10,-1.3409284048488188,-1.3212882275974582,-1.1519013950150803,2019-10-01
466,2019,11,-0.889865746497528,-1.2436481091870133,-1.3043088587028016,2019-11-01
467,2019,12,-0.8075818662890455,-1.1112933891297163,-1.155265049903185,2019-12-01
468,2020,1,-0.31556893445313605,-0.7950087309075142,-0.5655798140499573,2020-01-01
469,2020,2,0.09191796394653554,-0.4267744887095732,-0.4453007291319945,2020-02-01
470,2020,3,0.19794722830424893,-0.2821491343562683,-0.49135146991842055,2020-03-01
471,2020,4,-0.012385761191127317,-0.17904518115441082,-0.590543020308555,2020-04-01
472,2020,5,-0.4361062313300125,-0.11029308963627696,-0.6602828269880627,2020-05-01
473,2020,6,-0.5947024630746492,0.043344797941206596,-0.5988341416954928,2020-06-01
474,2020,7,-0.20585251844124294,0.04090732394831705,-0.5486531049973161,2020-07-01
475,2020,8,-0.291995531433959,-0.3480879168952091,-0.4761184013136892,2020-08-01
476,2020,9,-0.731797508579361,-0.8985157440234156,-0.518583545055161,2020-09-01
477,2020,10,-0.4363199488686378,-0.39956019935395093,-0.24602784310738343,2020-10-01
478,2020,11,-0.9160816005763943,-0.7832166406354496,-0.35106178045543696,2020-11-01
479,2020,12,-0.8028683600050183,-0.8500746040882012,-0.4426493325734448,2020-12-01
480,2021,1,-1.1840113669963683,-1.2656549336873073,-1.0003574405051665,2021-01-01
481,2021,2,-0.41845492501587983,-0.8938184712976037,-0.8394155887219213,2021-02-01
482,2021,3,-0.3176024945745367,-0.8986156722291864,-1.0687026100215513,2021-03-01
483,2021,4,0.22458492091407123,-0.9145566525292237,-1.022913817044159,2021-04-01
484,2021,5,-0.8426590832342447,-0.8460544033743739,-1.0864468914431504,2021-05-01
485,2021,6,-0.8936713938388036,-0.5405337088640397,-1.048024289922018,2021-06-01
486,2021,7,-1.0855003146722573,-0.11262932047653955,-1.1204592178620416,2021-07-01
487,2021,8,-0.5842162044343612,-0.8766243968475614,-1.1079939800361147,2021-08-01
488,2021,9,-1.1739593268190165,-1.243994453101059,-1.136207512811687,2021-09-01
489,2021,10,0.21538658022530877,-0.22655049437772365,-0.8868201723977116,2021-10-01
490,2021,11,0.24740412332173237,0.19119889131324516,-0.5218100248917839,2021-11-01
491,2021,12,0.6887884755116686,0.263047393618825,-0.16999275593594892,2021-12-01
492,2022,1,0.21579252637261925,0.24837820362259386,0.12941265662481322,2022-01-01
493,2022,2,0.7157664759386911,0.6204935584400646,0.19380285209720852,2022-02-01
494,2022,3,0.20432943737058187,0.6588494467233863,0.11110517607365729,2022-03-01
495,2022,4,-0.03307456595922591,0.24638546456132682,0.05365961072138161,2022-04-01
496,2022,5,-0.9401356528284769,0.1383397823379053,0.12854798838719678,2022-05-01
497,2022,6,-0.7338655972698114,-0.009968078597590834,0.17250940984223764,2022-06-01
498,2022,7,-0.5023211653837139,-0.17660338748933738,0.2220120431917596,2022-07-01
499,2022,8,-0.6198495342629896,-0.9175121864507944,0.19979546040172638,2022-08-01
500,2022,9,-0.0980541804114172,-0.5601554653463017,0.44265325490745955,2022-09-01
501,2022,10,0.294658261618185,-0.0572283820701306,0.3001061059167026,2022-10-01
502,2022,11,0.8732958235605112,0.5695063777977339,0.4393123298740481,2022-11-01
503,2022,12,1.019462567575933,0.8479053121342138,0.47460602756298387,2022-12-01
504,2023,1,1.0710342288428876,1.1693064729742086,0.7339138030768457,2023-01-01
505,2023,2,0.612990852104338,1.001911083302482,0.2997167974636263,2023-02-01
506,2023,3,0.06716483160715432,0.7124573187564741,0.3381576254632876,2023-03-01
507,2023,4,-0.6145621429707396,0.6145931733460507,0.5375023433852498,2023-04-01
508,2023,5,-0.47082004519072906,0.30087626183733324,0.5157409330716469,2023-05-01
509,2023,6,-0.15054214157480364,-0.08019695657186086,0.472996835930123,2023-06-01
510,2023,7,-0.7879626118406022,-0.8738923187871178,0.49829582376350706,2023-07-01
511,2023,8,-0.3617236938919932,-0.5925933478118655,0.5011913791094765,2023-08-01
512,2023,9,-0.9487854705533357,-0.7409060061993228,0.22860367126354866,2023-09-01
513,2023,10,-0.8732378481386085,-1.0077838018124976,0.07517318724065469,2023-10-01
514,2023,11,-1.7906999447303291,-1.7616099972787551,-0.7371268737327414,2023-11-01
515,2023,12,-1.716338642982963,-1.8280578468062993,-1.3200114431381835,2023-12-01
516,2024,1,-1.618241187521583,-1.6732975712425917,-1.6064987142510618,2024-01-01
517,2024,2,-0.5563154666666559,-1.5683259673154222,-1.4886245719888571,2024-02-01
518,2024,3,-0.10298809976368797,-1.4541785003151344,-1.4328902764522762,2024-03-01
519,2024,4,-0.2617989570925059,-1.4162464669990462,-1.5640394640929107,2024-04-01
520,2024,5,-0.9194662527131647,-0.8878203240406402,-1.6087205802629576,2024-05-01
521,2024,6,-1.2183238694369838,-0.2592785579051997,-1.56724848776308,2024-06-01
522,2024,7,-1.7266318969894106,-0.6502542504891072,-1.6432224313485595,2024-07-01
523,2024,8,-1.697464199796187,-1.186456230027808,-1.6962814891574394,2024-08-01
524,2024,9,-1.8796537814233487,-1.6781136582007696,-1.7356829888658138,2024-09-01
525,2024,10,-0.7933583304883877,-1.351480539735176,-1.618603816227734,2024-10-01
526,2024,11,-0.3661150276570308,-0.6612896550534766,-1.0015283817104585,2024-11-01
527,2024,12,0.1517226133392738,-0.5592499151527185,-0.5552389530334395,2024-12-01
528,2025,1,0.1164578002164583,-0.34312228579020687,-0.6290643202116957,2025-01-01
529,2025,2,-0.22949839456064033,-0.40904060013324994,-0.9477271878765572,2025-02-01
530,2025,3,-0.41419594887464295,-0.37426416989470374,-1.077586773617625,2025-03-01
531,2025,4,-0.5360661020745966,-0.2849848118557456,-0.827857088938792,2025-04-01
532,2025,5,-0.2691400414363946,-0.41849937841900586,-0.7478143788064943,2025-05-01
533,2025,6,0.47193523125620895,-0.28362064896460093,-0.6617522028156013,2025-06-01
534,2025,7,-0.5052777306483135,-0.6657513312385688,-0.5955334050221434,2025-07-01
535,2025,8,-0.23800113161189917,-0.35709735925558794,-0.5360708984003725,2025-08-01
536,2025,9,-0.4972009096625414,-0.05955864522425473,-0.32278733567410955,2025-09-01
537,2025,10,-0.5641841740726342,-0.6856223548358388,-0.5046958997274448,2025-10-01
538,2025,11,-0.8099860636385291,-0.7807503465022734,-0.8291457473233435,2025-11-01
539,2025,12,-0.8776031023678303,-0.9617320961650367,-0.7912754444392027,2025-12-01
